Item Name,Design Name,Code,New Arrivals,Best Sellers,Promo Items,Rate,Status,Usage unit,Unit,Size,Sub Collection,Collection,Thickness
DA 2081N - EDL HPL 4'x8' | TITAN I,DA 2081N,TITAN I,FALSE,FALSE,FALSE,730000,Active,sht,Sheet,1220 x 2440 mm,Abstract,Pattern,0.8mm
DA 2082N - EDL HPL 4'x8' | TITAN II,DA 2082N,TITAN II,FALSE,FALSE,FALSE,730000,Active,sht,Sheet,1220 x 2440 mm,Abstract,Pattern,0.8mm
DA 2083N - EDL HPL 4'x8' | TITAN III,DA 2083N,TITAN III,FALSE,FALSE,FALSE,730000,Active,sht,Sheet,1220 x 2440 mm,Abstract,Pattern,0.8mm
DA 2084N - EDL HPL 4'x8' | TITAN IV,DA 2084N,TITAN IV,FALSE,FALSE,FALSE,730000,Active,sht,Sheet,1220 x 2440 mm,Abstract,Pattern,0.8mm
DA 2480C - EDL HPL 4'x8' | CRYSTAL GREY,DA 2480C,CRYSTAL GREY,FALSE,FALSE,FALSE,730000,Active,sht,Sheet,1220 x 2440 mm,Abstract,Pattern,0.8mm
DA 7180C - EDL HPL 4'x8' | CRYSTAL BLACK,DA 7180C,CRYSTAL BLACK,FALSE,FALSE,FALSE,730000,Active,sht,Sheet,1220 x 2440 mm,Abstract,Pattern,0.8mm
DA 9280C - EDL HPL 4'x8' | CRYSTAL SATIN,DA 9280C,CRYSTAL SATIN,FALSE,FALSE,FALSE,730000,Active,sht,Sheet,1220 x 2440 mm,Abstract,Pattern,0.8mm
DC 3342LUN - EDL HPL 1300x3050 | CINDER BASALT,DC 3342LUN,CINDER BASALT,FALSE,FALSE,FALSE,1100000,Active,sht,Sheet,1300 x 3050 mm,Stone,Stone,0.8mm
DC 4545LUN - EDL HPL 1300x3050 | SHIRO,DC 4545LUN,SHIRO,FALSE,FALSE,FALSE,1100000,Active,sht,Sheet,1300 x 3050 mm,Stone,Stone,0.8mm
DCW 3142WJ - EDL HPL 4'x8' | TORINO PINE,DCW 3142WJ,TORINO PINE,FALSE,FALSE,FALSE,2300000,Active,sht,Sheet,1220 x 2440 mm,Melavaio,Wood,0.9mm
DCW 4906WC - EDL HPL 4'x8' | EASTERN ALDER,DCW 4906WC,EASTERN ALDER,FALSE,FALSE,FALSE,2300000,Active,sht,Sheet,1220 x 2440 mm,Melavaio,Wood,0.9mm
DCW 4907VC - EDL HPL 4'x8' | WESTERN ALDER,DCW 4907VC,WESTERN ALDER,FALSE,FALSE,FALSE,2300000,Active,sht,Sheet,1220 x 2440 mm,Melavaio,Wood,0.8mm
DCW 5471VC - EDL HPL 4'x8' | SILK WOOD,DCW 5471VC,SILK WOOD,FALSE,FALSE,FALSE,2300000,Active,sht,Sheet,1220 x 2440 mm,Melavaio,Wood,0.8mm
DCW 6826VC - EDL HPL 4'x8' | SYCAMORE,DCW 6826VC,SYCAMORE,FALSE,FALSE,FALSE,2300000,Active,sht,Sheet,1220 x 2440 mm,Melavaio,Wood,0.8mm
DCW 7404VC - EDL HPL 4'x8' | ITALIAN CHESTNUT,DCW 7404VC,ITALIAN CHESTNUT,FALSE,FALSE,FALSE,2300000,Active,sht,Sheet,1220 x 2440 mm,Melavaio,Wood,0.8mm
DDM 0920MT - EDL HPL 4'x8' | ALLOY MATT,DDM 0920MT,ALLOY MATT,TRUE,FALSE,FALSE,4400000,Active,sht,Sheet,1220 x 2440 mm,Metal,Metal,0.8mm
DDM 0950MT - EDL HPL 4'x8' | BRASS MATT,DDM 0950MT,BRASS MATT,TRUE,FALSE,FALSE,4400000,Active,sht,Sheet,1220 x 2440 mm,Metal,Metal,0.8mm
DH 1596QT - EDL HPL 4'x8' | MALTA SOTTILE,DH 1596QT,MALTA SOTTILE,TRUE,FALSE,FALSE,780000,Active,sht,Sheet,1220 x 2440 mm,Stone,Stone,0.8mm
DH 1597QT - EDL HPL 4'x8' | MALTA FONDO,DH 1597QT,MALTA FONDO,TRUE,FALSE,FALSE,780000,Active,sht,Sheet,1220 x 2440 mm,Stone,Stone,0.8mm
DHT 1597QT - EDL HPL 1300x3050 | MALTA FONDO,DHT 1597QT,MALTA FONDO,TRUE,FALSE,FALSE,920000,Active,sht,Sheet,1300 x 3050 mm,Stone,Stone,0.8mm
DMA 2866 - EDL HPL 4'x8' | ROSE GOLD MIRROR,DMA 2866,ROSE GOLD MIRROR,FALSE,FALSE,FALSE,4200000,Active,sht,Sheet,1220 x 2440 mm,Metal,Metal,1.0mm
DMB 2966 - EDL HPL 4'x8' | POLISHED GREY MIRROR,DMB 2966,POLISHED GREY MIRROR,FALSE,FALSE,FALSE,4350000,Active,sht,Sheet,1220 x 2440 mm,Metal,Metal,1.0mm
DMS 2048XM - EDL HPL 4'x8' | PEARL CALACATTA-MATT,DMS 2048XM,PEARL CALACATTA-MATT,FALSE,FALSE,FALSE,750000,Active,sht,Sheet,1220 x 2440 mm,Stone,Stone,0.8mm
DMS 2300XM - EDL HPL 4'x8' | ANTICO ROSSO-MATT,DMS 2300XM,ANTICO ROSSO-MATT,FALSE,FALSE,FALSE,750000,Active,sht,Sheet,1220 x 2440 mm,Marble Matt,Marble,0.8mm
DMS 2320XM - EDL HPL 4'x8' | NERO ROSSO-MATT,DMS 2320XM,NERO ROSSO-MATT,FALSE,FALSE,FALSE,750000,Active,sht,Sheet,1220 x 2440 mm,Marble Matt,Marble,0.8mm
DMS 2390XM - EDL HPL 4'x8' | ROYAL CARRARA-MATT,DMS 2390XM,ROYAL CARRARA-MATT,FALSE,FALSE,FALSE,750000,Active,sht,Sheet,1220 x 2440 mm,Marble Matt,Marble,0.8mm
DMS 2396XM - EDL HPL 4'x8' | NERO MORAINE-MATT,DMS 2396XM,NERO MORAINE-MATT,FALSE,FALSE,FALSE,750000,Active,sht,Sheet,1220 x 2440 mm,Marble Matt,Marble,0.8mm
DMS 2557XM - EDL HPL 4'x8' | LAVANT-MATT,DMS 2557XM,LAVANT-MATT,FALSE,FALSE,FALSE,750000,Active,sht,Sheet,1220 x 2440 mm,Marble Matt,Marble,0.8mm
DMS 2558XM - EDL HPL 4'x8' | DARK LAVANT-MATT,DMS 2558XM,DARK LAVANT-MATT,FALSE,FALSE,FALSE,750000,Active,sht,Sheet,1220 x 2440 mm,Marble Matt,Marble,0.8mm
DMS 2576XM - EDL HPL 4'x8' | BIANCO VENATINO-MATT,DMS 2576XM,BIANCO VENATINO-MATT,FALSE,FALSE,FALSE,750000,Active,sht,Sheet,1220 x 2440 mm,Marble Matt,Marble,0.8mm
DMS 2584XM - EDL HPL 4'x8' | PIERZ-MATT,DMS 2584XM,PIERZ-MATT,FALSE,FALSE,FALSE,750000,Active,sht,Sheet,1220 x 2440 mm,Marble Matt,Marble,0.8mm
DMS 2586XM - EDL HPL 4'x8' | CABANA-MATT,DMS 2586XM,CABANA-MATT,FALSE,FALSE,FALSE,750000,Active,sht,Sheet,1220 x 2440 mm,Marble Matt,Marble,0.8mm
DMS 2587XM - EDL HPL 4'x8' | DARK MUSE-MATT,DMS 2587XM,DARK MUSE-MATT,FALSE,FALSE,FALSE,750000,Active,sht,Sheet,1220 x 2440 mm,Marble Matt,Marble,0.8mm
DMS 2588XM - EDL HPL 4'x8' | NOA MARBLE-MATT,DMS 2588XM,NOA MARBLE-MATT,FALSE,FALSE,FALSE,750000,Active,sht,Sheet,1220 x 2440 mm,Marble Matt,Marble,0.8mm
DPC 2121G - EDL HPL 4'x8' | BIANCO-G,DPC 2121G,BIANCO-G,FALSE,FALSE,FALSE,2300000,Active,sht,Sheet,1220 x 2440 mm,Melavaio Gloss,Marble,0.8mm
DPC 2122G - EDL HPL 4'x8' | TERA MARBLE-G,DPC 2122G,TERA MARBLE-G,FALSE,FALSE,FALSE,2300000,Active,sht,Sheet,1220 x 2440 mm,Melavaio Gloss,Marble,0.8mm
DPC 3131VC - EDL HPL 4'x8' | BIANCO-V,DPC 3131VC,BIANCO-V,FALSE,FALSE,FALSE,2300000,Active,sht,Sheet,1220 x 2440 mm,Melavaio Matt,Marble,0.8mm
DPC 3132VC - EDL HPL 4'x8' | TERA MARBLE-V,DPC 3132VC,TERA MARBLE-V,FALSE,FALSE,FALSE,2300000,Active,sht,Sheet,1220 x 2440 mm,Melavaio Matt,Marble,0.8mm
DPC 4613VC - EDL HPL 4'x8' | AJAX DAWN-V,DPC 4613VC,AJAX DAWN-V,FALSE,FALSE,FALSE,2300000,Active,sht,Sheet,1220 x 2440 mm,Melavaio Matt,Marble,0.8mm
DS 3364LUN - EDL HPL 1300x3050 | LUSERNA GRIGIO,DS 3364LUN,LUSERNA GRIGIO,FALSE,FALSE,FALSE,1100000,Active,sht,Sheet,1300 x 3050 mm,Stone,Stone,0.8mm
DS 3366LUN - EDL HPL 1300x3050 | LUSERNA NERO,DS 3366LUN,LUSERNA NERO,FALSE,FALSE,FALSE,1100000,Active,sht,Sheet,1300 x 3050 mm,Stone,Stone,0.8mm
DS 3411LUN - EDL HPL 1300x3050 | VOYAGE COPPER,DS 3411LUN,VOYAGE COPPER,FALSE,FALSE,FALSE,1100000,Active,sht,Sheet,1300 x 3050 mm,Stone,Stone,0.8mm
DS 3412LUN - EDL HPL 1300x3050 | VOYAGE BRONZE,DS 3412LUN,VOYAGE BRONZE,FALSE,FALSE,FALSE,1100000,Active,sht,Sheet,1300 x 3050 mm,Stone,Stone,0.8mm
DS 3413LUN - EDL HPL 1300x3050 | VOYAGE SILVER,DS 3413LUN,VOYAGE SILVER,FALSE,FALSE,FALSE,1100000,Active,sht,Sheet,1300 x 3050 mm,Stone,Stone,0.8mm
DSD 2204SMA - EDL HPL 1320x3050 | NATURAL CONCRETE,DSD 2204SMA,NATURAL CONCRETE,TRUE,FALSE,FALSE,1100000,Active,sht,Sheet,1320 x 3050 mm,Marble,Marble,0.8mm
DSD 2272SMA - EDL HPL 1320x3050 | YIN MARBLE,DSD 2272SMA,YIN MARBLE,TRUE,FALSE,FALSE,1100000,Active,sht,Sheet,1320 x 3050 mm,Marble,Marble,0.8mm
DSD 2273SMA - EDL HPL 1320x3050 | YANG MARBLE,DSD 2273SMA,YANG MARBLE,TRUE,FALSE,FALSE,1100000,Active,sht,Sheet,1320 x 3050 mm,Marble,Marble,0.8mm
DSD 6260SMA - EDL HPL 1320x3050 | BAGNARA,DSD 6260SMA,BAGNARA,TRUE,FALSE,FALSE,1100000,Active,sht,Sheet,1320 x 3050 mm,Marble,Marble,0.8mm
DSD 6261SMA - EDL HPL 1320x3050 | CARNICO,DSD 6261SMA,CARNICO,TRUE,FALSE,FALSE,1100000,Active,sht,Sheet,1320 x 3050 mm,Marble,Marble,0.8mm
DSD 8509SMA - EDL HPL 1320x3050 | MARBLE BIANCO,DSD 8509SMA,MARBLE BIANCO,TRUE,FALSE,FALSE,1100000,Active,sht,Sheet,1320 x 3050 mm,Marble,Marble,0.8mm
DSK 5450SM - EDL HPL 4'x8' | DARK ASH,DSK 5450SM,DARK ASH,FALSE,FALSE,FALSE,650000,Active,sht,Sheet,1220 x 2440 mm,Fine Matt,Solid,0.7mm
DSK 5700SM - EDL HPL 4'x8' | PORCELAIN,DSK 5700SM,PORCELAIN,FALSE,FALSE,FALSE,650000,Active,sht,Sheet,1220 x 2440 mm,Fine Matt,Solid,0.7mm
DSK 5770SM - EDL HPL 4'x8' | OAT,DSK 5770SM,OAT,FALSE,FALSE,FALSE,650000,Active,sht,Sheet,1220 x 2440 mm,Fine Matt,Solid,0.7mm
DSK 7030SM - EDL HPL 4'x8' | GRANITE GREY,DSK 7030SM,GRANITE GREY,FALSE,FALSE,FALSE,650000,Active,sht,Sheet,1220 x 2440 mm,Fine Matt,Solid,0.7mm
DSK 7040SM - EDL HPL 4'x8' | DOUBLE CREAM,DSK 7040SM,DOUBLE CREAM,FALSE,FALSE,FALSE,650000,Active,sht,Sheet,1220 x 2440 mm,Fine Matt,Solid,0.7mm
DSK 7250SM - EDL HPL 4'x8' | COTTON FLUFF,DSK 7250SM,COTTON FLUFF,FALSE,FALSE,FALSE,650000,Active,sht,Sheet,1220 x 2440 mm,Fine Matt,Solid,0.7mm
DSK 7500SM - EDL HPL 4'x8' | LIME FIZZ,DSK 7500SM,LIME FIZZ,FALSE,FALSE,FALSE,650000,Active,sht,Sheet,1220 x 2440 mm,Fine Matt,Solid,0.7mm
DSK 7771SM - EDL HPL 4'x8' | BLEEN,DSK 7771SM,BLEEN,FALSE,FALSE,FALSE,650000,Active,sht,Sheet,1220 x 2440 mm,Fine Matt,Solid,0.7mm
DSK 7772SM - EDL HPL 4'x8' | CADET,DSK 7772SM,CADET,FALSE,FALSE,FALSE,650000,Active,sht,Sheet,1220 x 2440 mm,Fine Matt,Solid,0.7mm
DSK 7773SM - EDL HPL 4'x8' | ELEMENT,DSK 7773SM,ELEMENT,FALSE,FALSE,FALSE,650000,Active,sht,Sheet,1220 x 2440 mm,Fine Matt,Solid,0.7mm
DSK 7774SM - EDL HPL 4'x8' | ALPS,DSK 7774SM,ALPS,FALSE,FALSE,FALSE,650000,Active,sht,Sheet,1220 x 2440 mm,Fine Matt,Solid,0.7mm
DSK 7775SM - EDL HPL 4'x8' | MISTY,DSK 7775SM,MISTY,FALSE,FALSE,FALSE,650000,Active,sht,Sheet,1220 x 2440 mm,Fine Matt,Solid,0.7mm
DSK 7776SM - EDL HPL 4'x8' | FOCUS GREY,DSK 7776SM,FOCUS GREY,FALSE,FALSE,FALSE,650000,Active,sht,Sheet,1220 x 2440 mm,Fine Matt,Solid,0.7mm
DSL 2250STU - EDL HPL 1320x3050 | MOONSCAPE GREY,DSL 2250STU,MOONSCAPE GREY,TRUE,FALSE,FALSE,1100000,Active,sht,Sheet,1320 x 3050 mm,Stone,Stone,0.8mm
DSL 2251STU - EDL HPL 1320x3050 | MOONSCAPE WHITE,DSL 2251STU,MOONSCAPE WHITE,TRUE,FALSE,FALSE,1100000,Active,sht,Sheet,1320 x 3050 mm,Stone,Stone,0.8mm
DSL 2280STU - EDL HPL 1320x3050 | URBANSTONE CHALK,DSL 2280STU,URBANSTONE CHALK,TRUE,FALSE,FALSE,1100000,Active,sht,Sheet,1320 x 3050 mm,Stone,Stone,0.8mm
DSL 2281STU - EDL HPL 1320x3050 | URBANSTONE CLAY,DSL 2281STU,URBANSTONE CLAY,TRUE,FALSE,FALSE,1100000,Active,sht,Sheet,1320 x 3050 mm,Stone,Stone,0.8mm
DSL 2301STU - EDL HPL 1320x3050 | ARTWALL ANTHRACITE,DSL 2301STU,ARTWALL ANTHRACITE,TRUE,FALSE,FALSE,1100000,Active,sht,Sheet,1320 x 3050 mm,Stone,Stone,0.8mm
DSL 2302STU - EDL HPL 1320x3050 | ARTWALL,DSL 2302STU,ARTWALL,TRUE,FALSE,FALSE,1100000,Active,sht,Sheet,1320 x 3050 mm,Stone,Stone,0.8mm
DSL 2303STU - EDL HPL 1320x3050 | ORGANIC STONE,DSL 2303STU,ORGANIC STONE,TRUE,FALSE,FALSE,1100000,Active,sht,Sheet,1320 x 3050 mm,Stone,Stone,0.8mm
DSL 2304STU - EDL HPL 1320x3050 | ARTWALL GREY,DSL 2304STU,ARTWALL GREY,TRUE,FALSE,FALSE,1100000,Active,sht,Sheet,1320 x 3050 mm,Stone,Stone,0.8mm
DSL 2309STU - EDL HPL 1320x3050 | VENETO CRYSTAL,DSL 2309STU,VENETO CRYSTAL,TRUE,FALSE,FALSE,1100000,Active,sht,Sheet,1320 x 3050 mm,Stone,Stone,0.8mm
DSL 2321STU - EDL HPL 1320x3050 | QUARTZITE,DSL 2321STU,QUARTZITE,TRUE,FALSE,FALSE,1100000,Active,sht,Sheet,1320 x 3050 mm,Stone,Stone,0.8mm
DST 5080SM - EDL HPL 4'x8' | ORANGE PEEL,DST 5080SM,ORANGE PEEL,FALSE,FALSE,FALSE,650000,Active,sht,Sheet,1220 x 2440 mm,Fine Matt,Solid,0.7mm
DST 5130SM - EDL HPL 4'x8' | FLORIDA PINK,DST 5130SM,FLORIDA PINK,FALSE,FALSE,FALSE,650000,Active,sht,Sheet,1220 x 2440 mm,Fine Matt,Solid,0.7mm
DST 5260SM - EDL HPL 4'x8' | LIGHT ORCHID,DST 5260SM,LIGHT ORCHID,FALSE,FALSE,FALSE,650000,Active,sht,Sheet,1220 x 2440 mm,Fine Matt,Solid,0.7mm
DST 5370SM - EDL HPL 4'x8' | CHERRY,DST 5370SM,CHERRY,FALSE,FALSE,FALSE,650000,Active,sht,Sheet,1220 x 2440 mm,Fine Matt,Solid,0.7mm
DST 5380SM - EDL HPL 4'x8' | MATCHA,DST 5380SM,MATCHA,FALSE,FALSE,FALSE,650000,Active,sht,Sheet,1220 x 2440 mm,Fine Matt,Solid,0.7mm
DST 5570SM - EDL HPL 4'x8' | ASHLEY BLUE,DST 5570SM,ASHLEY BLUE,FALSE,FALSE,FALSE,650000,Active,sht,Sheet,1220 x 2440 mm,Fine Matt,Solid,0.7mm
DST 5660SM - EDL HPL 4'x8' | ANTIQUE ROSE,DST 5660SM,ANTIQUE ROSE,FALSE,FALSE,FALSE,650000,Active,sht,Sheet,1220 x 2440 mm,Fine Matt,Solid,0.7mm
DST 6420SM - EDL HPL 4'x8' | TERRACOTTA,DST 6420SM,TERRACOTTA,FALSE,FALSE,FALSE,650000,Active,sht,Sheet,1220 x 2440 mm,Fine Matt,Solid,0.7mm
DST 6570SM - EDL HPL 4'x8' | GINGER ALE,DST 6570SM,GINGER ALE,FALSE,FALSE,FALSE,650000,Active,sht,Sheet,1220 x 2440 mm,Fine Matt,Solid,0.7mm
DST 6600SM - EDL HPL 4'x8' | WHISPER GREY,DST 6600SM,WHISPER GREY,FALSE,FALSE,FALSE,650000,Active,sht,Sheet,1220 x 2440 mm,Fine Matt,Solid,0.7mm
DST 7080SM - EDL HPL 4'x8' | SOFT PETAL,DST 7080SM,SOFT PETAL,FALSE,FALSE,FALSE,650000,Active,sht,Sheet,1220 x 2440 mm,Fine Matt,Solid,0.7mm
DSW 2106SMA - EDL HPL 1320x3050 | CLEAR MAPLE,DSW 2106SMA,CLEAR MAPLE,TRUE,FALSE,FALSE,990000,Active,sht,Sheet,1320 x 3050 mm,Smart,Wood,0.8mm
DSW 3861SMA - EDL HPL 1320x3050 | LIGHT MEDITERRANEAN,DSW 3861SMA,LIGHT MEDITERRANEAN,TRUE,FALSE,FALSE,990000,Active,sht,Sheet,1320 x 3050 mm,Smart,Wood,0.8mm
DSW 4289NTL - EDL HPL 1320x3050 | MEDITERRANEAN,DSW 4289NTL,MEDITERRANEAN,TRUE,FALSE,FALSE,990000,Active,sht,Sheet,1320 x 3050 mm,Smart,Wood,0.8mm
DSW 4451SMA - EDL HPL 1320x3050 | LORCA OAK,DSW 4451SMA,LORCA OAK,TRUE,FALSE,FALSE,990000,Active,sht,Sheet,1320 x 3050 mm,Smart,Wood,0.8mm
DSW 6225SMA - EDL HPL 1320x3050 | MEMPHIS CLASSIC,DSW 6225SMA,MEMPHIS CLASSIC,TRUE,FALSE,FALSE,990000,Active,sht,Sheet,1320 x 3050 mm,Smart,Wood,0.8mm
DSW 6282FLW - EDL HPL 1320x3050 | COSMOPOLITAN,DSW 6282FLW,COSMOPOLITAN,TRUE,FALSE,FALSE,990000,Active,sht,Sheet,1320 x 3050 mm,Flow,Wood,0.8mm
DSW 6289FLW - EDL HPL 1320x3050 | MAPUCHE BEIGE,DSW 6289FLW,MAPUCHE BEIGE,TRUE,FALSE,FALSE,990000,Active,sht,Sheet,1320 x 3050 mm,Flow,Wood,0.8mm
DSW 6304FLW - EDL HPL 1320x3050 | ETNA OAK,DSW 6304FLW,ETNA OAK,TRUE,FALSE,FALSE,990000,Active,sht,Sheet,1320 x 3050 mm,Flow,Wood,0.8mm
DSW 6305SMA - EDL HPL 1320x3050 | SMART ASH LIGHT,DSW 6305SMA,SMART ASH LIGHT,TRUE,FALSE,FALSE,990000,Active,sht,Sheet,1320 x 3050 mm,Smart,Wood,0.8mm
DSW 6306SMA - EDL HPL 1320x3050 | SMART ASH,DSW 6306SMA,SMART ASH,TRUE,FALSE,FALSE,990000,Active,sht,Sheet,1320 x 3050 mm,Smart,Wood,0.8mm
DSW 6307FLW - EDL HPL 1320x3050 | SMART ASH DARK,DSW 6307FLW,SMART ASH DARK,TRUE,FALSE,FALSE,990000,Active,sht,Sheet,1320 x 3050 mm,Flow,Wood,0.8mm
DSW 6313FLW - EDL HPL 1320x3050 | EXQUISITE DARK,DSW 6313FLW,EXQUISITE DARK,TRUE,FALSE,FALSE,990000,Active,sht,Sheet,1320 x 3050 mm,Flow,Wood,0.8mm
DSW 6314FLW - EDL HPL 1320x3050 | EXQUISITE LIGHT,DSW 6314FLW,EXQUISITE LIGHT,TRUE,FALSE,FALSE,990000,Active,sht,Sheet,1320 x 3050 mm,Flow,Wood,0.8mm
DSW 6315NTL - EDL HPL 1320x3050 | ELEGANCE BROWN,DSW 6315NTL,ELEGANCE BROWN,TRUE,FALSE,FALSE,990000,Active,sht,Sheet,1320 x 3050 mm,Smart,Wood,0.8mm
DSW 6316NTL - EDL HPL 1320x3050 | ELEGANCE GREY,DSW 6316NTL,ELEGANCE GREY,TRUE,FALSE,FALSE,990000,Active,sht,Sheet,1320 x 3050 mm,Smart,Wood,0.8mm
DSW 6317NTL - EDL HPL 1320x3050 | ELEGANCE NATURAL,DSW 6317NTL,ELEGANCE NATURAL,TRUE,FALSE,FALSE,990000,Active,sht,Sheet,1320 x 3050 mm,Smart,Wood,0.8mm
DSW 6319FLW - EDL HPL 1320x3050 | SUPREME BLACK,DSW 6319FLW,SUPREME BLACK,TRUE,FALSE,FALSE,990000,Active,sht,Sheet,1320 x 3050 mm,Flow,Wood,0.8mm
DSW 6320FLW - EDL HPL 1320x3050 | SUPREME WHITE,DSW 6320FLW,SUPREME WHITE,TRUE,FALSE,FALSE,990000,Active,sht,Sheet,1320 x 3050 mm,Flow,Wood,0.8mm
DSW 6321SMA - EDL HPL 1320x3050 | ENDLESS OAK NATURAL,DSW 6321SMA,ENDLESS OAK NATURAL,TRUE,FALSE,FALSE,990000,Active,sht,Sheet,1320 x 3050 mm,Smart,Wood,0.8mm
DSW 6348FLW - EDL HPL 1320x3050 | AURA MAPLE,DSW 6348FLW,AURA MAPLE,TRUE,FALSE,FALSE,990000,Active,sht,Sheet,1320 x 3050 mm,Flow,Wood,0.8mm
DSW 6358SMA - EDL HPL 1320x3050 | ENDLESS OAK BLACK,DSW 6358SMA,ENDLESS OAK BLACK,TRUE,FALSE,FALSE,990000,Active,sht,Sheet,1320 x 3050 mm,Smart,Wood,0.8mm
DSW 9275SMA - EDL HPL 1320x3050 | AMUNDSEN OAK,DSW 9275SMA,AMUNDSEN OAK,TRUE,FALSE,FALSE,990000,Active,sht,Sheet,1320 x 3050 mm,Smart,Wood,0.8mm
DV 3346MT - EDL HPL 1300x3050 | MARMO CANOVA,DV 3346MT,MARMO CANOVA,FALSE,FALSE,FALSE,1100000,Active,sht,Sheet,1300 x 3050 mm,Stone,Stone,0.8mm
DV 3379UB - EDL HPL 1300x3050 | ATENA GRIGIO,DV 3379UB,ATENA GRIGIO,FALSE,FALSE,FALSE,1100000,Active,sht,Sheet,1300 x 3050 mm,Stone,Stone,0.8mm
DV 3451MT - EDL HPL 1300x3050 | BLACK KANDIA,DV 3451MT,BLACK KANDIA,FALSE,FALSE,FALSE,1100000,Active,sht,Sheet,1300 x 3050 mm,Stone,Stone,0.8mm
DWA 2855A - EDL HPL 4'x8' | LIGHT ASH,DWA 2855A,LIGHT ASH,FALSE,FALSE,FALSE,730000,Active,sht,Sheet,1220 x 2440 mm,Ashwood,Wood,0.8mm
DWA 2856A - EDL HPL 4'x8' | DARK ASH,DWA 2856A,DARK ASH,FALSE,FALSE,FALSE,730000,Active,sht,Sheet,1220 x 2440 mm,Ashwood,Wood,0.8mm
DWC 3642AT - EDL HPL 1300x3050 | LIGHT MACQUARIE MAPLE,DWC 3642AT,LIGHT MACQUARIE MAPLE,FALSE,FALSE,FALSE,980000,Active,sht,Sheet,1300 x 3050 mm,Natural Matt,Wood,0.8mm
DWC 3643AT - EDL HPL 1300x3050 | MACQUARIE MAPLE,DWC 3643AT,MACQUARIE MAPLE,FALSE,FALSE,FALSE,980000,Active,sht,Sheet,1300 x 3050 mm,Natural Matt,Wood,0.8mm
DWC 3644AT - EDL HPL 1300x3050 | GREY MACQUARIE MAPLE,DWC 3644AT,GREY MACQUARIE MAPLE,FALSE,FALSE,FALSE,980000,Active,sht,Sheet,1300 x 3050 mm,Natural Matt,Wood,0.8mm
DWC 3645AT - EDL HPL 1300x3050 | LIGHT ALBATROSS TEAK,DWC 3645AT,LIGHT ALBATROSS TEAK,FALSE,FALSE,FALSE,980000,Active,sht,Sheet,1300 x 3050 mm,Natural Matt,Wood,0.8mm
DWC 3646AT - EDL HPL 1300x3050 | ALBATROSS TEAK,DWC 3646AT,ALBATROSS TEAK,FALSE,FALSE,FALSE,980000,Active,sht,Sheet,1300 x 3050 mm,Natural Matt,Wood,0.8mm
DWC 3647AT - EDL HPL 1300x3050 | BROWN ALBATROSS TEAK,DWC 3647AT,BROWN ALBATROSS TEAK,FALSE,FALSE,FALSE,980000,Active,sht,Sheet,1300 x 3050 mm,Natural Matt,Wood,0.8mm
DWC 3650AT - EDL HPL 1300x3050 | LIGHT SHAGBARK HICKORY,DWC 3650AT,LIGHT SHAGBARK HICKORY,FALSE,FALSE,FALSE,980000,Active,sht,Sheet,1300 x 3050 mm,Natural Matt,Wood,0.8mm
DWC 3651AT - EDL HPL 1300x3050 | BROWN SHAGBARK HICKORY,DWC 3651AT,BROWN SHAGBARK HICKORY,FALSE,FALSE,FALSE,980000,Active,sht,Sheet,1300 x 3050 mm,Natural Matt,Wood,0.8mm
DWC 3652AT - EDL HPL 1300x3050 | GREY SHAGBARK HICKORY,DWC 3652AT,GREY SHAGBARK HICKORY,FALSE,FALSE,FALSE,980000,Active,sht,Sheet,1300 x 3050 mm,Natural Matt,Wood,0.8mm
DWC 3653AT - EDL HPL 1300x3050 | LIGHT BOLZANO ELM,DWC 3653AT,LIGHT BOLZANO ELM,FALSE,FALSE,FALSE,980000,Active,sht,Sheet,1300 x 3050 mm,Natural Matt,Wood,0.8mm
DWC 3655AT - EDL HPL 1300x3050 | BROWN BOLZANO ELM,DWC 3655AT,BROWN BOLZANO ELM,FALSE,FALSE,FALSE,980000,Active,sht,Sheet,1300 x 3050 mm,Natural Matt,Wood,0.8mm
DWC 3656AT - EDL HPL 1300x3050 | BOLZANO ELM,DWC 3656AT,BOLZANO ELM,FALSE,FALSE,FALSE,980000,Active,sht,Sheet,1300 x 3050 mm,Natural Matt,Wood,0.8mm
DWC 3657AT - EDL HPL 1300x3050 | CALIFORNIA TEAK,DWC 3657AT,CALIFORNIA TEAK,FALSE,FALSE,FALSE,980000,Active,sht,Sheet,1300 x 3050 mm,Natural Matt,Wood,0.8mm
DWC 3658AT - EDL HPL 1300x3050 | LIGHT RODEZ OAK,DWC 3658AT,LIGHT RODEZ OAK,FALSE,FALSE,FALSE,980000,Active,sht,Sheet,1300 x 3050 mm,Natural Matt,Wood,0.8mm
DWC 3659AT - EDL HPL 1300x3050 | RODEZ OAK,DWC 3659AT,RODEZ OAK,FALSE,FALSE,FALSE,980000,Active,sht,Sheet,1300 x 3050 mm,Natural Matt,Wood,0.8mm
DWC 3672AT - EDL HPL 1300x3050 | HARMA ASH,DWC 3672AT,HARMA ASH,FALSE,FALSE,FALSE,980000,Active,sht,Sheet,1300 x 3050 mm,Natural Matt,Wood,0.8mm
DWC 3673AT - EDL HPL 1300x3050 | DARK HARMA ASH,DWC 3673AT,DARK HARMA ASH,FALSE,FALSE,FALSE,980000,Active,sht,Sheet,1300 x 3050 mm,Natural Matt,Wood,0.8mm
DWC 3676AT - EDL HPL 1300x3050 | DARK VEYRE OAK,DWC 3676AT,DARK VEYRE OAK,FALSE,FALSE,FALSE,980000,Active,sht,Sheet,1300 x 3050 mm,Natural Matt,Wood,0.8mm
DWC 3678AT - EDL HPL 1300x3050 | LIGHT VEYRE OAK,DWC 3678AT,LIGHT VEYRE OAK,FALSE,FALSE,FALSE,980000,Active,sht,Sheet,1300 x 3050 mm,Natural Matt,Wood,0.8mm
DWC 3679AT - EDL HPL 1300x3050 | VEYRE OAK,DWC 3679AT,VEYRE OAK,FALSE,FALSE,FALSE,980000,Active,sht,Sheet,1300 x 3050 mm,Natural Matt,Wood,0.8mm
DWE 2642SC - EDL HPL 4'x8' | LIGHT WALK THE LINE,DWE 2642SC,LIGHT WALK THE LINE,FALSE,FALSE,FALSE,730000,Active,sht,Sheet,1220 x 2440 mm,Legno,Wood,0.8mm
DWE 2662SC - EDL HPL 4'x8' | LINEN WALK THE LINE,DWE 2662SC,LINEN WALK THE LINE,FALSE,FALSE,FALSE,730000,Active,sht,Sheet,1220 x 2440 mm,Legno,Wood,0.8mm
DWE 2692E - EDL HPL 4'x8' | LIGHT GRAY WALNUT,DWE 2692E,LIGHT GRAY WALNUT,FALSE,FALSE,FALSE,730000,Active,sht,Sheet,1220 x 2440 mm,Legno,Wood,0.8mm
DWE 2712SC - EDL HPL 4'x8' | TAN OAK,DWE 2712SC,TAN OAK,FALSE,FALSE,FALSE,730000,Active,sht,Sheet,1220 x 2440 mm,Legno,Wood,0.8mm
DWE 4102E - EDL HPL 4'x8' | ICELAND MAPLE,DWE 4102E,ICELAND MAPLE,FALSE,FALSE,FALSE,730000,Active,sht,Sheet,1220 x 2440 mm,Legno,Wood,0.8mm
DWE 9003L - EDL HPL 4'x8' | LIGHT HIPSTER OAK,DWE 9003L,LIGHT HIPSTER OAK,FALSE,FALSE,FALSE,730000,Active,sht,Sheet,1220 x 2440 mm,Legno,Wood,0.8mm
DWE 9004L - EDL HPL 4'x8' | VIRGINIA WALNUT,DWE 9004L,VIRGINIA WALNUT,FALSE,FALSE,FALSE,730000,Active,sht,Sheet,1220 x 2440 mm,Legno,Wood,0.8mm
DWE 9006L - EDL HPL 4'x8' | WHITE ALDER,DWE 9006L,WHITE ALDER,FALSE,FALSE,FALSE,730000,Active,sht,Sheet,1220 x 2440 mm,Legno,Wood,0.8mm
DWE 9007L - EDL HPL 4'x8' | HIPSTER OAK,DWE 9007L,HIPSTER OAK,FALSE,FALSE,FALSE,730000,Active,sht,Sheet,1220 x 2440 mm,Legno,Wood,0.8mm
DWE 9009L - EDL HPL 4'x8' | DARK HIPSTER OAK,DWE 9009L,DARK HIPSTER OAK,FALSE,FALSE,FALSE,730000,Active,sht,Sheet,1220 x 2440 mm,Legno,Wood,0.8mm
DWE 9011L - EDL HPL 4'x8' | MEDIUM HIPSTER OAK,DWE 9011L,MEDIUM HIPSTER OAK,FALSE,FALSE,FALSE,730000,Active,sht,Sheet,1220 x 2440 mm,Legno,Wood,0.8mm
DWE 9014L - EDL HPL 4'x8' | MEDIUM ELM,DWE 9014L,MEDIUM ELM,FALSE,FALSE,FALSE,730000,Active,sht,Sheet,1220 x 2440 mm,Legno,Wood,0.8mm
DWE 9015L - EDL HPL 4'x8' | DARK NICO BEECH,DWE 9015L,DARK NICO BEECH,FALSE,FALSE,FALSE,730000,Active,sht,Sheet,1220 x 2440 mm,Legno,Wood,0.8mm
DWE 9018L - EDL HPL 4'x8' | LIGHT ELM,DWE 9018L,LIGHT ELM,FALSE,FALSE,FALSE,730000,Active,sht,Sheet,1220 x 2440 mm,Legno,Wood,0.8mm
DWE 9019L - EDL HPL 4'x8' | IBSEN BEECH,DWE 9019L,IBSEN BEECH,FALSE,FALSE,FALSE,730000,Active,sht,Sheet,1220 x 2440 mm,Legno,Wood,0.8mm
DWE 9021L - EDL HPL 4'x8' | RAW HIPSTER OAK,DWE 9021L,RAW HIPSTER OAK,FALSE,FALSE,FALSE,730000,Active,sht,Sheet,1220 x 2440 mm,Legno,Wood,0.8mm
DWE 9029L - EDL HPL 4'x8' | GREY VELTRINER OAK,DWE 9029L,GREY VELTRINER OAK,FALSE,FALSE,FALSE,730000,Active,sht,Sheet,1220 x 2440 mm,Legno,Wood,0.8mm
DWE 9033L - EDL HPL 4'x8' | WHITE AGED PINE,DWE 9033L,WHITE AGED PINE,FALSE,FALSE,FALSE,730000,Active,sht,Sheet,1220 x 2440 mm,Legno,Wood,0.8mm
DWE 9034L - EDL HPL 4'x8' | AGED PINE,DWE 9034L,AGED PINE,FALSE,FALSE,FALSE,730000,Active,sht,Sheet,1220 x 2440 mm,Legno,Wood,0.8mm
DWE 9066L - EDL HPL 4'x8' | WARM AQUILES WALNUT,DWE 9066L,WARM AQUILES WALNUT,FALSE,FALSE,FALSE,730000,Active,sht,Sheet,1220 x 2440 mm,Legno,Wood,0.8mm
DWE 9067L - EDL HPL 4'x8' | AQUILES WALNUT,DWE 9067L,AQUILES WALNUT,FALSE,FALSE,FALSE,730000,Active,sht,Sheet,1220 x 2440 mm,Legno,Wood,0.8mm
DWE 9071L - EDL HPL 4'x8' | LORENZA WALNUT,DWE 9071L,LORENZA WALNUT,FALSE,FALSE,FALSE,730000,Active,sht,Sheet,1220 x 2440 mm,Legno,Wood,0.8mm
DWE 9072L - EDL HPL 4'x8' | COBBLED LORENZA WALNUT,DWE 9072L,COBBLED LORENZA WALNUT,FALSE,FALSE,FALSE,730000,Active,sht,Sheet,1220 x 2440 mm,Legno,Wood,0.8mm
DWE 9077L - EDL HPL 4'x8' | AMBERG OAK,DWE 9077L,AMBERG OAK,FALSE,FALSE,FALSE,730000,Active,sht,Sheet,1220 x 2440 mm,Legno,Wood,0.8mm
DWE 9078L - EDL HPL 4'x8' | DARK AMBERG OAK,DWE 9078L,DARK AMBERG OAK,FALSE,FALSE,FALSE,730000,Active,sht,Sheet,1220 x 2440 mm,Legno,Wood,0.8mm
DWE 9079L - EDL HPL 4'x8' | RAW LORENZA WALNUT,DWE 9079L,RAW LORENZA WALNUT,FALSE,FALSE,FALSE,730000,Active,sht,Sheet,1220 x 2440 mm,Legno,Wood,0.8mm
DWE 9139L - EDL HPL 4'x8' | NICO BEECH,DWE 9139L,NICO BEECH,FALSE,FALSE,FALSE,730000,Active,sht,Sheet,1220 x 2440 mm,Legno,Wood,0.8mm
DWK 3122AT - EDL HPL 4'x8' | NATURAL MAPLE,DWK 3122AT,NATURAL MAPLE,FALSE,FALSE,FALSE,710000,Active,sht,Sheet,1220 x 2440 mm,Natural Matt,Wood,0.8mm
DWK 3125AT - EDL HPL 4'x8' | NATURAL WENGE,DWK 3125AT,NATURAL WENGE,FALSE,FALSE,FALSE,710000,Active,sht,Sheet,1220 x 2440 mm,Natural Matt,Wood,0.8mm
DWK 3126AT - EDL HPL 4'x8' | FRESCO WALNUT,DWK 3126AT,FRESCO WALNUT,FALSE,FALSE,FALSE,710000,Active,sht,Sheet,1220 x 2440 mm,Natural Matt,Wood,0.8mm
DWK 3133AT - EDL HPL 4'x8' | CLAYISH WENGE,DWK 3133AT,CLAYISH WENGE,FALSE,FALSE,FALSE,710000,Active,sht,Sheet,1220 x 2440 mm,Natural Matt,Wood,0.8mm
DWK 3135AT - EDL HPL 4'x8' | GREYISH WENGE,DWK 3135AT,GREYISH WENGE,FALSE,FALSE,FALSE,710000,Active,sht,Sheet,1220 x 2440 mm,Natural Matt,Wood,0.8mm
DWK 3155AT - EDL HPL 4'x8' | WHITE SEORA OAK,DWK 3155AT,WHITE SEORA OAK,FALSE,FALSE,FALSE,710000,Active,sht,Sheet,1220 x 2440 mm,Natural Matt,Wood,0.8mm
DWK 3157AT - EDL HPL 4'x8' | WHITE WASH OAK,DWK 3157AT,WHITE WASH OAK,FALSE,FALSE,FALSE,710000,Active,sht,Sheet,1220 x 2440 mm,Natural Matt,Wood,0.8mm
DWK 3161AT - EDL HPL 4'x8' | DENVER OAK,DWK 3161AT,DENVER OAK,FALSE,FALSE,FALSE,710000,Active,sht,Sheet,1220 x 2440 mm,Natural Matt,Wood,0.8mm
DWK 3163AT - EDL HPL 4'x8' | CIFRA WALNUT,DWK 3163AT,CIFRA WALNUT,FALSE,FALSE,FALSE,710000,Active,sht,Sheet,1220 x 2440 mm,Natural Matt,Wood,0.8mm
DWK 3165AT - EDL HPL 4'x8' | PANCHO WALNUT,DWK 3165AT,PANCHO WALNUT,FALSE,FALSE,FALSE,710000,Active,sht,Sheet,1220 x 2440 mm,Natural Matt,Wood,0.8mm
DWK 3168AT - EDL HPL 4'x8' | MOCCA OAK,DWK 3168AT,MOCCA OAK,FALSE,FALSE,FALSE,710000,Active,sht,Sheet,1220 x 2440 mm,Natural Matt,Wood,0.8mm
DWK 3169AT - EDL HPL 4'x8' | ANTIQUE OAK,DWK 3169AT,ANTIQUE OAK,FALSE,FALSE,FALSE,710000,Active,sht,Sheet,1220 x 2440 mm,Natural Matt,Wood,0.8mm
DWK 3172AT - EDL HPL 4'x8' | ROUGH TEAK,DWK 3172AT,ROUGH TEAK,FALSE,FALSE,FALSE,710000,Active,sht,Sheet,1220 x 2440 mm,Natural Matt,Wood,0.8mm
DWK 3173AT - EDL HPL 4'x8' | NATURAL BEECH,DWK 3173AT,NATURAL BEECH,FALSE,FALSE,FALSE,710000,Active,sht,Sheet,1220 x 2440 mm,Natural Matt,Wood,0.8mm
DWK 3174AT - EDL HPL 4'x8' | FAINT BEECH,DWK 3174AT,FAINT BEECH,FALSE,FALSE,FALSE,710000,Active,sht,Sheet,1220 x 2440 mm,Natural Matt,Wood,0.8mm
DWK 3183AT - EDL HPL 4'x8' | STYLISH TEAK,DWK 3183AT,STYLISH TEAK,FALSE,FALSE,FALSE,710000,Active,sht,Sheet,1220 x 2440 mm,Natural Matt,Wood,0.8mm
DWK 3185AT - EDL HPL 4'x8' | DARK STYLISH TEAK,DWK 3185AT,DARK STYLISH TEAK,FALSE,FALSE,FALSE,710000,Active,sht,Sheet,1220 x 2440 mm,Natural Matt,Wood,0.8mm
DWK 3193AT - EDL HPL 4'x8' | BANAL TEAK,DWK 3193AT,BANAL TEAK,FALSE,FALSE,FALSE,710000,Active,sht,Sheet,1220 x 2440 mm,Natural Matt,Wood,0.8mm
DWK 3195AT - EDL HPL 4'x8' | SMOKY TEAK,DWK 3195AT,SMOKY TEAK,FALSE,FALSE,FALSE,710000,Active,sht,Sheet,1220 x 2440 mm,Natural Matt,Wood,0.8mm
DWK 3291AT - EDL HPL 4'x8' | HARRIS WALNUT,DWK 3291AT,HARRIS WALNUT,FALSE,FALSE,FALSE,710000,Active,sht,Sheet,1220 x 2440 mm,Natural Matt,Wood,0.8mm
DWK 3292AT - EDL HPL 4'x8' | JOONA TEAK,DWK 3292AT,JOONA TEAK,FALSE,FALSE,FALSE,710000,Active,sht,Sheet,1220 x 2440 mm,Natural Matt,Wood,0.8mm
DWK 3293AT - EDL HPL 4'x8' | DARK JOONA TEAK,DWK 3293AT,DARK JOONA TEAK,FALSE,FALSE,FALSE,710000,Active,sht,Sheet,1220 x 2440 mm,Natural Matt,Wood,0.8mm
DWK 3294AT - EDL HPL 4'x8' | GREY COMBI-WOOD,DWK 3294AT,GREY COMBI-WOOD,FALSE,FALSE,FALSE,710000,Active,sht,Sheet,1220 x 2440 mm,Natural Matt,Wood,0.8mm
DWK 3295AT - EDL HPL 4'x8' | BROWN COMBI-WOOD,DWK 3295AT,BROWN COMBI-WOOD,FALSE,FALSE,FALSE,710000,Active,sht,Sheet,1220 x 2440 mm,Natural Matt,Wood,0.8mm
DWK 3296AT - EDL HPL 4'x8' | DARK HARRIS WALNUT,DWK 3296AT,DARK HARRIS WALNUT,FALSE,FALSE,FALSE,710000,Active,sht,Sheet,1220 x 2440 mm,Natural Matt,Wood,0.8mm
DWL 4367LX - EDL HPL 1300x3050 | ROVERE RHONE,DWL 4367LX,ROVERE RHONE,FALSE,FALSE,FALSE,1100000,Active,sht,Sheet,1300 x 3050 mm,Larix,Wood,0.8mm
DWL 4517LX - EDL HPL 1300x3050 | ROVERE CARBONE,DWL 4517LX,ROVERE CARBONE,FALSE,FALSE,FALSE,1100000,Active,sht,Sheet,1300 x 3050 mm,Larix,Wood,0.8mm
DWL 4518LX - EDL HPL 1300x3050 | NOCINO,DWL 4518LX,NOCINO,FALSE,FALSE,FALSE,1100000,Active,sht,Sheet,1300 x 3050 mm,Larix,Wood,0.8mm
DWL 4519LX - EDL HPL 1300x3050 | ROVERE ASBURGO,DWL 4519LX,ROVERE ASBURGO,FALSE,FALSE,FALSE,1100000,Active,sht,Sheet,1300 x 3050 mm,Larix,Wood,0.8mm
DWL 4527LX - EDL HPL 1300x3050 | NOCE CENDRE,DWL 4527LX,NOCE CENDRE,FALSE,FALSE,FALSE,1100000,Active,sht,Sheet,1300 x 3050 mm,Larix,Wood,0.8mm
DWL 4533LX - EDL HPL 1300x3050 | SEGATO TINTO,DWL 4533LX,SEGATO TINTO,FALSE,FALSE,FALSE,1100000,Active,sht,Sheet,1300 x 3050 mm,Larix,Wood,0.8mm
DWT 3701W - EDL HPL 4'x8' | MEDIUM MONTFORT ELM,DWT 3701W,MEDIUM MONTFORT ELM,FALSE,FALSE,FALSE,710000,Active,sht,Sheet,1220 x 2440 mm,Aleppo,Wood,0.8mm
DWT 3702W - EDL HPL 4'x8' | MONTFORT ELM,DWT 3702W,MONTFORT ELM,FALSE,FALSE,FALSE,710000,Active,sht,Sheet,1220 x 2440 mm,Aleppo,Wood,0.8mm
DWT 3703W - EDL HPL 4'x8' | DARK MONTFORT ELM,DWT 3703W,DARK MONTFORT ELM,FALSE,FALSE,FALSE,710000,Active,sht,Sheet,1220 x 2440 mm,Aleppo,Wood,0.8mm
DWT 3704W - EDL HPL 4'x8' | GREY MONTFORT ELM,DWT 3704W,GREY MONTFORT ELM,FALSE,FALSE,FALSE,710000,Active,sht,Sheet,1220 x 2440 mm,Aleppo,Wood,0.8mm
DWT 3705W - EDL HPL 4'x8' | NOVA KATOVIK NOCE,DWT 3705W,NOVA KATOVIK NOCE,FALSE,FALSE,FALSE,710000,Active,sht,Sheet,1220 x 2440 mm,Aleppo,Wood,0.8mm
DWT 3706W - EDL HPL 4'x8' | NEUTRAL KATOVIK NOCE,DWT 3706W,NEUTRAL KATOVIK NOCE,FALSE,FALSE,FALSE,710000,Active,sht,Sheet,1220 x 2440 mm,Aleppo,Wood,0.8mm
DWT 3707W - EDL HPL 4'x8' | KATOVIK NOCE,DWT 3707W,KATOVIK NOCE,FALSE,FALSE,FALSE,710000,Active,sht,Sheet,1220 x 2440 mm,Aleppo,Wood,0.8mm
DWT 3708W - EDL HPL 4'x8' | DARK KATOVIK NOCE,DWT 3708W,DARK KATOVIK NOCE,FALSE,FALSE,FALSE,710000,Active,sht,Sheet,1220 x 2440 mm,Aleppo,Wood,0.8mm
DWT 3711W - EDL HPL 4'x8' | HAZEL ACACIA,DWT 3711W,HAZEL ACACIA,FALSE,FALSE,FALSE,710000,Active,sht,Sheet,1220 x 2440 mm,Aleppo,Wood,0.8mm
DWT 3712W - EDL HPL 4'x8' | DOVE ACACIA,DWT 3712W,DOVE ACACIA,FALSE,FALSE,FALSE,710000,Active,sht,Sheet,1220 x 2440 mm,Aleppo,Wood,0.8mm
DWT 3713W - EDL HPL 4'x8' | CHIFFON ACACIA,DWT 3713W,CHIFFON ACACIA,FALSE,FALSE,FALSE,710000,Active,sht,Sheet,1220 x 2440 mm,Aleppo,Wood,0.8mm
DWT 3773W - EDL HPL 4'x8' | BONDI BIRCH,DWT 3773W,BONDI BIRCH,FALSE,FALSE,FALSE,710000,Active,sht,Sheet,1220 x 2440 mm,Aleppo,Wood,0.8mm
DWT 3776W - EDL HPL 4'x8' | WEBSTER OAK,DWT 3776W,WEBSTER OAK,FALSE,FALSE,FALSE,710000,Active,sht,Sheet,1220 x 2440 mm,Aleppo,Wood,0.8mm
DWT 3801W - EDL HPL 4'x8' | SOFT SYLVAN WALNUT,DWT 3801W,SOFT SYLVAN WALNUT,FALSE,FALSE,FALSE,710000,Active,sht,Sheet,1220 x 2440 mm,Aleppo,Wood,0.8mm
DWT 3802W - EDL HPL 4'x8' | NATURAL SYLVAN WALNUT,DWT 3802W,NATURAL SYLVAN WALNUT,FALSE,FALSE,FALSE,710000,Active,sht,Sheet,1220 x 2440 mm,Aleppo,Wood,0.8mm
DWT 3803W - EDL HPL 4'x8' | SYLVAN WALNUT,DWT 3803W,SYLVAN WALNUT,FALSE,FALSE,FALSE,710000,Active,sht,Sheet,1220 x 2440 mm,Aleppo,Wood,0.8mm
DWT 3804W - EDL HPL 4'x8' | STRAW AREY WALNUT,DWT 3804W,STRAW AREY WALNUT,FALSE,FALSE,FALSE,710000,Active,sht,Sheet,1220 x 2440 mm,Aleppo,Wood,0.8mm
DWT 3805W - EDL HPL 4'x8' | AREY WALNUT,DWT 3805W,AREY WALNUT,FALSE,FALSE,FALSE,710000,Active,sht,Sheet,1220 x 2440 mm,Aleppo,Wood,0.8mm
DWT 3806W - EDL HPL 4'x8' | CLAY AREY WALNUT,DWT 3806W,CLAY AREY WALNUT,FALSE,FALSE,FALSE,710000,Active,sht,Sheet,1220 x 2440 mm,Aleppo,Wood,0.8mm
DWT 3807W - EDL HPL 4'x8' | ARIZONA ELM,DWT 3807W,ARIZONA ELM,FALSE,FALSE,FALSE,710000,Active,sht,Sheet,1220 x 2440 mm,Aleppo,Wood,0.8mm
DWT 3808W - EDL HPL 4'x8' | LIGHT ARIZONA ELM,DWT 3808W,LIGHT ARIZONA ELM,FALSE,FALSE,FALSE,710000,Active,sht,Sheet,1220 x 2440 mm,Aleppo,Wood,0.8mm
DWT 3809W - EDL HPL 4'x8' | GREY ARIZONA ELM,DWT 3809W,GREY ARIZONA ELM,FALSE,FALSE,FALSE,710000,Active,sht,Sheet,1220 x 2440 mm,Aleppo,Wood,0.8mm
DWT 3901W - EDL HPL 4'x8' | VINTAGE OAK,DWT 3901W,VINTAGE OAK,FALSE,FALSE,FALSE,710000,Active,sht,Sheet,1220 x 2440 mm,Aleppo,Wood,0.8mm
DWT 3902W - EDL HPL 4'x8' | ODESSA OAK,DWT 3902W,ODESSA OAK,FALSE,FALSE,FALSE,710000,Active,sht,Sheet,1220 x 2440 mm,Aleppo,Wood,0.8mm
DWT 3903W - EDL HPL 4'x8' | MILAN OAK,DWT 3903W,MILAN OAK,FALSE,FALSE,FALSE,710000,Active,sht,Sheet,1220 x 2440 mm,Aleppo,Wood,0.8mm
DWT 3904W - EDL HPL 4'x8' | DARK VINTAGE OAK,DWT 3904W,DARK VINTAGE OAK,FALSE,FALSE,FALSE,710000,Active,sht,Sheet,1220 x 2440 mm,Aleppo,Wood,0.8mm
DWV 4445AE - EDL HPL 1300x3050 | LAMPHUN TEAK,DWV 4445AE,LAMPHUN TEAK,FALSE,FALSE,FALSE,1100000,Active,sht,Sheet,1300 x 3050 mm,Aleve,Wood,0.8mm
DWV 4516AE - EDL HPL 1300x3050 | HABSBURG OAK,DWV 4516AE,HABSBURG OAK,FALSE,FALSE,FALSE,1100000,Active,sht,Sheet,1300 x 3050 mm,Aleve,Wood,0.8mm
DWV 4538AE - EDL HPL 1300x3050 | WHITE ELM,DWV 4538AE,WHITE ELM,FALSE,FALSE,FALSE,1100000,Active,sht,Sheet,1300 x 3050 mm,Aleve,Wood,0.8mm
DWV 4585AE - EDL HPL 1300x3050 | ROVERE ROCK,DWV 4585AE,ROVERE ROCK,FALSE,FALSE,FALSE,1100000,Active,sht,Sheet,1300 x 3050 mm,Aleve,Wood,0.8mm
DWV 4586AE - EDL HPL 1300x3050 | ROVERE TEXAS,DWV 4586AE,ROVERE TEXAS,FALSE,FALSE,FALSE,1100000,Active,sht,Sheet,1300 x 3050 mm,Aleve,Wood,0.8mm
DWV 4587AE - EDL HPL 1300x3050 | ROVERE SLAVONIA,DWV 4587AE,ROVERE SLAVONIA,FALSE,FALSE,FALSE,1100000,Active,sht,Sheet,1300 x 3050 mm,Aleve,Wood,0.8mm
DWV 4588AE - EDL HPL 1300x3050 | ROVERE VERSAILLES,DWV 4588AE,ROVERE VERSAILLES,FALSE,FALSE,FALSE,1100000,Active,sht,Sheet,1300 x 3050 mm,Aleve,Wood,0.8mm
DWV 4605AE - EDL HPL 1300x3050 | CILIEGO AVOIA,DWV 4605AE,CILIEGO AVOIA,FALSE,FALSE,FALSE,1100000,Active,sht,Sheet,1300 x 3050 mm,Aleve,Wood,0.8mm
DWV 4616AE - EDL HPL 1300x3050 | NOCE CARYA DARK,DWV 4616AE,NOCE CARYA DARK,FALSE,FALSE,FALSE,1100000,Active,sht,Sheet,1300 x 3050 mm,Aleve,Wood,0.8mm
DWW 2672FA - EDL HPL 4'x8' | STRAW ASH,DWW 2672FA,STRAW ASH,FALSE,FALSE,FALSE,710000,Active,sht,Sheet,1220 x 2440 mm,Embossed,Wood,0.8mm
DWW 9005FA - EDL HPL 4'x8' | HEMLOCK,DWW 9005FA,HEMLOCK,FALSE,FALSE,FALSE,710000,Active,sht,Sheet,1220 x 2440 mm,Embossed,Wood,0.8mm
DWW 9026FA - EDL HPL 4'x8' | LINON ELM,DWW 9026FA,LINON ELM,FALSE,FALSE,FALSE,710000,Active,sht,Sheet,1220 x 2440 mm,Embossed,Wood,0.8mm
DWW 9038FA - EDL HPL 4'x8' | DANISH WALNUT,DWW 9038FA,DANISH WALNUT,FALSE,FALSE,FALSE,710000,Active,sht,Sheet,1220 x 2440 mm,Embossed,Wood,0.8mm
DWW 9056FA - EDL HPL 4'x8' | HICKORY,DWW 9056FA,HICKORY,FALSE,FALSE,FALSE,710000,Active,sht,Sheet,1220 x 2440 mm,Embossed,Wood,0.8mm
DWW 9057FA - EDL HPL 4'x8' | HICKORY ARIA,DWW 9057FA,HICKORY ARIA,FALSE,FALSE,FALSE,710000,Active,sht,Sheet,1220 x 2440 mm,Embossed,Wood,0.8mm
DWW 9058FA - EDL HPL 4'x8' | HICKORY WISP,DWW 9058FA,HICKORY WISP,FALSE,FALSE,FALSE,710000,Active,sht,Sheet,1220 x 2440 mm,Embossed,Wood,0.8mm
DWW 9059FA - EDL HPL 4'x8' | HICKORY CRISP,DWW 9059FA,HICKORY CRISP,FALSE,FALSE,FALSE,710000,Active,sht,Sheet,1220 x 2440 mm,Embossed,Wood,0.8mm
DWX 1053EH - EDL HPL 4'x8' | VANILLA TEAK,DWX 1053EH,VANILLA TEAK,FALSE,FALSE,FALSE,710000,Active,sht,Sheet,1220 x 2440 mm,Embossed,Wood,0.8mm
DWX 1054EH - EDL HPL 4'x8' | PORCELAIN TEAK,DWX 1054EH,PORCELAIN TEAK,FALSE,FALSE,FALSE,710000,Active,sht,Sheet,1220 x 2440 mm,Embossed,Wood,0.8mm
DWX 1061EH - EDL HPL 4'x8' | COCOA TEAK,DWX 1061EH,COCOA TEAK,FALSE,FALSE,FALSE,710000,Active,sht,Sheet,1220 x 2440 mm,Embossed,Wood,0.8mm
DWX 1063EH - EDL HPL 4'x8' | HONEY TEAK,DWX 1063EH,HONEY TEAK,FALSE,FALSE,FALSE,710000,Active,sht,Sheet,1220 x 2440 mm,Embossed,Wood,0.8mm
DWX 2322EH - EDL HPL 4'x8' | NAGARE YOKO II,DWX 2322EH,NAGARE YOKO II,FALSE,FALSE,FALSE,710000,Active,sht,Sheet,1220 x 2440 mm,Embossed,Wood,0.8mm
DWX 2324EH - EDL HPL 4'x8' | NAGARE YOKO III,DWX 2324EH,NAGARE YOKO III,FALSE,FALSE,FALSE,710000,Active,sht,Sheet,1220 x 2440 mm,Embossed,Wood,0.8mm
DWX 2326EH - EDL HPL 4'x8' | NAGARE YOKO I,DWX 2326EH,NAGARE YOKO I,FALSE,FALSE,FALSE,710000,Active,sht,Sheet,1220 x 2440 mm,Embossed,Wood,0.8mm
DWX 3225M - EDL HPL 4'x8' | KATTHULT-SM,DWX 3225M,KATTHULT-SM,FALSE,FALSE,FALSE,710000,Active,sht,Sheet,1220 x 2440 mm,Fine Matt,Wood,0.8mm
DWX 3226M - EDL HPL 4'x8' | DARK KATTHULT-SM,DWX 3226M,DARK KATTHULT-SM,FALSE,FALSE,FALSE,710000,Active,sht,Sheet,1220 x 2440 mm,Fine Matt,Wood,0.8mm
DWX 5504HT - EDL HPL 4'x8' | DARK HARVARD OAK,DWX 5504HT,DARK HARVARD OAK,FALSE,FALSE,FALSE,710000,Active,sht,Sheet,1220 x 2440 mm,Embossed,Wood,0.8mm
DX 1557PG - EDL HPL 4'x8' | LAVANT-G,DX 1557PG,LAVANT-G,FALSE,FALSE,FALSE,780000,Active,sht,Sheet,1220 x 2440 mm,Marble Gloss,Marble,1.0mm
DX 1558PG - EDL HPL 4'x8' | DARK LAVANT-G,DX 1558PG,DARK LAVANT-G,FALSE,FALSE,FALSE,780000,Active,sht,Sheet,1220 x 2440 mm,Marble Gloss,Marble,1.0mm
DX 1576PG - EDL HPL 4'x8' | BIANCO VENATINO-G,DX 1576PG,BIANCO VENATINO-G,FALSE,FALSE,FALSE,780000,Active,sht,Sheet,1220 x 2440 mm,Marble Gloss,Marble,1.0mm
DX 1584PG - EDL HPL 4'x8' | PIERZ-G,DX 1584PG,PIERZ-G,FALSE,FALSE,FALSE,780000,Active,sht,Sheet,1220 x 2440 mm,Marble Gloss,Marble,1.0mm
DX 1586PG - EDL HPL 4'x8' | CABANA-G,DX 1586PG,CABANA-G,FALSE,FALSE,FALSE,780000,Active,sht,Sheet,1220 x 2440 mm,Marble Gloss,Marble,1.0mm
DX 1587PG - EDL HPL 4'x8' | DARK MUSE-G,DX 1587PG,DARK MUSE-G,FALSE,FALSE,FALSE,780000,Active,sht,Sheet,1220 x 2440 mm,Marble Gloss,Marble,1.0mm
DX 1588PG - EDL HPL 4'x8' | NOA MARBLE-G,DX 1588PG,NOA MARBLE-G,FALSE,FALSE,FALSE,780000,Active,sht,Sheet,1220 x 2440 mm,Marble Gloss,Marble,1.0mm
DX 3048PG - EDL HPL 4'x8' | PEARL CALACATTA-G,DX 3048PG,PEARL CALACATTA-G,FALSE,FALSE,FALSE,780000,Active,sht,Sheet,1220 x 2440 mm,Marble Gloss,Marble,1.0mm
DX 8300PG - EDL HPL 4'x8' | ANTICO ROSSO-G,DX 8300PG,ANTICO ROSSO-G,FALSE,FALSE,FALSE,780000,Active,sht,Sheet,1220 x 2440 mm,Marble Gloss,Marble,1.0mm
DX 8320PG - EDL HPL 4'x8' | NERO ROSSO-G,DX 8320PG,NERO ROSSO-G,FALSE,FALSE,FALSE,780000,Active,sht,Sheet,1220 x 2440 mm,Marble Gloss,Marble,1.0mm
DX 8390PG - EDL HPL 4'x8' | ROYAL CARRARA-G,DX 8390PG,ROYAL CARRARA-G,FALSE,FALSE,FALSE,780000,Active,sht,Sheet,1220 x 2440 mm,Marble Gloss,Marble,1.0mm
DX 8395PG - EDL HPL 4'x8' | BIANCO CARRARA-G,DX 8395PG,BIANCO CARRARA-G,FALSE,FALSE,FALSE,780000,Active,sht,Sheet,1220 x 2440 mm,Marble Gloss,Marble,1.0mm
DX 8396PG - EDL HPL 4'x8' | NERO MORAINE-G,DX 8396PG,NERO MORAINE-G,FALSE,FALSE,FALSE,780000,Active,sht,Sheet,1220 x 2440 mm,Marble Gloss,Marble,1.0mm
DYG 2409PG - EDL HPL 1300x3050 | CLASSIC BLACK,DYG 2409PG,CLASSIC BLACK,FALSE,FALSE,FALSE,870000,Active,sht,Sheet,1300 x 3050 mm,PianoGloss,Solid,1.0mm
DYG 2709PG - EDL HPL 1300x3050 | CLASSIC WHITE,DYG 2709PG,CLASSIC WHITE,FALSE,FALSE,FALSE,870000,Active,sht,Sheet,1300 x 3050 mm,PianoGloss,Solid,1.0mm
DYM 2709PG - EDL HPL 4'x8' | CLASSIC WHITE (MAGNETIC),DYM 2709PG,CLASSIC WHITE (MAGNETIC),FALSE,FALSE,FALSE,3200000,Active,sht,Sheet,1220 x 2440 mm,Magnetic,Solid,1.0mm
DYN 0400N - EDL HPL 1300x3050 | NOIR,DYN 0400N,NOIR,FALSE,FALSE,FALSE,780000,Active,sht,Sheet,1300 x 3050 mm,Textured,Solid,0.8mm
DYN 5709N - EDL HPL 1300x3050 | STYLE WHITE,DYN 5709N,STYLE WHITE,FALSE,FALSE,FALSE,780000,Active,sht,Sheet,1220 x 2440 mm,Textured,Solid,0.8mm
DZ 7121PG - EDL HPL 4'x8' | WHITE COSMIC,DZ 7121PG,WHITE COSMIC,FALSE,FALSE,FALSE,780000,Active,sht,Sheet,1220 x 2440 mm,Abstract,Pattern,0.8mm
DZ 7122PG - EDL HPL 4'x8' | BLACK COSMIC,DZ 7122PG,BLACK COSMIC,FALSE,FALSE,FALSE,780000,Active,sht,Sheet,1220 x 2440 mm,Abstract,Pattern,0.8mm
DZ 8260J - EDL HPL 4'x8' | PERLA TRAVERTINO,DZ 8260J,PERLA TRAVERTINO,FALSE,FALSE,FALSE,780000,Active,sht,Sheet,1220 x 2440 mm,Stone,Stone,0.8mm
DZ 8270J - EDL HPL 4'x8' | TRAVERTINO,DZ 8270J,TRAVERTINO,FALSE,FALSE,FALSE,780000,Active,sht,Sheet,1220 x 2440 mm,Stone,Stone,0.8mm
DZ 8280J - EDL HPL 4'x8' | NERO TRAVERTINO,DZ 8280J,NERO TRAVERTINO,FALSE,FALSE,FALSE,780000,Active,sht,Sheet,1220 x 2440 mm,Stone,Stone,0.8mm
DZ 8290J - EDL HPL 4'x8' | CHIARO TRAVERTINO,DZ 8290J,CHIARO TRAVERTINO,FALSE,FALSE,FALSE,780000,Active,sht,Sheet,1220 x 2440 mm,Stone,Stone,0.8mm
DZ 8915J - EDL HPL 4'x8' | LIGHT LAMINA,DZ 8915J,LIGHT LAMINA,FALSE,FALSE,FALSE,780000,Active,sht,Sheet,1220 x 2440 mm,Stone,Stone,0.8mm
DZ 8916J - EDL HPL 4'x8' | ROSA STONE,DZ 8916J,ROSA STONE,FALSE,FALSE,FALSE,780000,Active,sht,Sheet,1220 x 2440 mm,Stone,Stone,0.8mm
DZ 8935J - EDL HPL 4'x8' | DARK LAMINA,DZ 8935J,DARK LAMINA,FALSE,FALSE,FALSE,780000,Active,sht,Sheet,1220 x 2440 mm,Stone,Stone,0.8mm
ECG 0001CC - EDL HPL 4'x8' | COOL WHITE-G,ECG 0001CC,COOL WHITE-G,FALSE,FALSE,FALSE,2000000,Active,sht,Sheet,1220 x 2440 mm,Melavaio,Solid,0.9mm
ECG 0002CC - EDL HPL 4'x8' | SNOW WHITE-G,ECG 0002CC,SNOW WHITE-G,FALSE,FALSE,FALSE,2000000,Active,sht,Sheet,1220 x 2440 mm,Melavaio,Solid,0.9mm
ECG 0008CC - EDL HPL 4'x8' | LACE WHITE-G,ECG 0008CC,LACE WHITE-G,FALSE,FALSE,FALSE,2000000,Active,sht,Sheet,1220 x 2440 mm,Melavaio,Solid,0.9mm
ECG 0011VC - EDL HPL 4'x8' | COOL WHITE-V,ECG 0011VC,COOL WHITE-V,FALSE,FALSE,FALSE,2000000,Active,sht,Sheet,1220 x 2440 mm,Melavaio,Solid,0.9mm
ECG 0022VC - EDL HPL 4'x8' | SNOW WHITE-V,ECG 0022VC,SNOW WHITE-V,FALSE,FALSE,FALSE,2000000,Active,sht,Sheet,1220 x 2440 mm,Melavaio,Solid,0.9mm
ECG 0088VC - EDL HPL 4'x8' | LACE WHITE-V,ECG 0088VC,LACE WHITE-V,FALSE,FALSE,FALSE,2000000,Active,sht,Sheet,1220 x 2440 mm,Melavaio,Solid,0.9mm
ECV 0005CC - EDL HPL 4'x8' | MAX BLACK-G,ECV 0005CC,MAX BLACK-G,FALSE,FALSE,FALSE,2000000,Active,sht,Sheet,1220 x 2440 mm,Melavaio,Solid,0.9mm
ECV 1311VC - EDL HPL 4'x8' | STRAWBERRY MILK-V,ECV 1311VC,STRAWBERRY MILK-V,FALSE,FALSE,FALSE,2000000,Active,sht,Sheet,1220 x 2440 mm,Melavaio,Solid,0.9mm
ECV 1380VC - EDL HPL 4'x8' | EXPRESSO BROWN-V,ECV 1380VC,EXPRESSO BROWN-V,FALSE,FALSE,FALSE,2000000,Active,sht,Sheet,1220 x 2440 mm,Melavaio,Solid,0.9mm
ECV 1741VC - EDL HPL 4'x8' | BABY LEMONADE-V,ECV 1741VC,BABY LEMONADE-V,FALSE,FALSE,FALSE,2000000,Active,sht,Sheet,1220 x 2440 mm,Melavaio,Solid,0.9mm
ECV 1761VC - EDL HPL 4'x8' | AROMA GREEN-V,ECV 1761VC,AROMA GREEN-V,FALSE,FALSE,FALSE,2000000,Active,sht,Sheet,1220 x 2440 mm,Melavaio,Solid,0.9mm
ECV 1762VC - EDL HPL 4'x8' | PISTACHIO GREEN-V,ECV 1762VC,PISTACHIO GREEN-V,FALSE,FALSE,FALSE,2000000,Active,sht,Sheet,1220 x 2440 mm,Melavaio,Solid,0.9mm
ECV 2231CC - EDL HPL 4'x8' | STRAWBERRY MILK-G,ECV 2231CC,STRAWBERRY MILK-G,FALSE,FALSE,FALSE,2000000,Active,sht,Sheet,1220 x 2440 mm,Melavaio,Solid,0.9mm
ECV 2235CC - EDL HPL 4'x8' | PASSION RED-G,ECV 2235CC,PASSION RED-G,FALSE,FALSE,FALSE,2000000,Active,sht,Sheet,1220 x 2440 mm,Melavaio,Solid,0.9mm
ECV 2274CC - EDL HPL 4'x8' | BABY LEMONADE-G,ECV 2274CC,BABY LEMONADE-G,FALSE,FALSE,FALSE,2000000,Active,sht,Sheet,1220 x 2440 mm,Melavaio,Solid,0.9mm
ECV 2276CC - EDL HPL 4'x8' | PISTACHIO GREEN-G,ECV 2276CC,PISTACHIO GREEN-G,FALSE,FALSE,FALSE,2000000,Active,sht,Sheet,1220 x 2440 mm,Melavaio,Solid,0.9mm
ECV 3117VC - EDL HPL 4'x8' | PEARL GREY-V,ECV 3117VC,PEARL GREY-V,FALSE,FALSE,FALSE,2000000,Active,sht,Sheet,1220 x 2440 mm,Melavaio,Solid,0.9mm
EEG 0101PG - EDL HPL 4'x8' | PIANO WHITE,EEG 0101PG,PIANO WHITE,FALSE,FALSE,FALSE,650000,Active,sht,Sheet,1220 x 2440 mm,PianoGloss,Solid,0.8mm
EEG 0150PG - EDL HPL 4'x8' | PIANO BLACK,EEG 0150PG,PIANO BLACK,FALSE,FALSE,FALSE,650000,Active,sht,Sheet,1220 x 2440 mm,PianoGloss,Solid,0.8mm
EEP 0102PG - EDL HPL 4'x8' | PIANO WHITE,EEP 0102PG,PIANO WHITE,FALSE,FALSE,FALSE,710000,Active,sht,Sheet,1220 x 2440 mm,PianoGloss,Solid,1.0mm
EEP 0152PG - EDL HPL 4'x8' | PIANO BLACK,EEP 0152PG,PIANO BLACK,FALSE,FALSE,FALSE,710000,Active,sht,Sheet,1220 x 2440 mm,PianoGloss,Solid,1.0mm
EEP 0712PG - EDL HPL 4'x8' | IVOIRE,EEP 0712PG,IVOIRE,FALSE,FALSE,FALSE,710000,Active,sht,Sheet,1220 x 2440 mm,PianoGloss,Solid,1.0mm
EEP 0722PG - EDL HPL 4'x8' | VOLCANO,EEP 0722PG,VOLCANO,FALSE,FALSE,FALSE,710000,Active,sht,Sheet,1220 x 2440 mm,PianoGloss,Solid,1.0mm
EEP 5042PG - EDL HPL 4'x8' | CARBONITE,EEP 5042PG,CARBONITE,FALSE,FALSE,FALSE,710000,Active,sht,Sheet,1220 x 2440 mm,PianoGloss,Solid,1.0mm
EEP 5212PG - EDL HPL 4'x8' | PALE VIOLET RED,EEP 5212PG,PALE VIOLET RED,FALSE,FALSE,FALSE,710000,Active,sht,Sheet,1220 x 2440 mm,PianoGloss,Solid,1.0mm
EEP 5252PG - EDL HPL 4'x8' | RUM,EEP 5252PG,RUM,FALSE,FALSE,FALSE,710000,Active,sht,Sheet,1220 x 2440 mm,PianoGloss,Solid,1.0mm
EEP 5512PG - EDL HPL 4'x8' | ROUGE,EEP 5512PG,ROUGE,FALSE,FALSE,FALSE,710000,Active,sht,Sheet,1220 x 2440 mm,PianoGloss,Solid,1.0mm
EEP 6242PG - EDL HPL 4'x8' | CHARTREUSE,EEP 6242PG,CHARTREUSE,FALSE,FALSE,FALSE,710000,Active,sht,Sheet,1220 x 2440 mm,PianoGloss,Solid,1.0mm
EEP 6402PG - EDL HPL 4'x8' | CLOUD,EEP 6402PG,CLOUD,FALSE,FALSE,FALSE,710000,Active,sht,Sheet,1220 x 2440 mm,PianoGloss,Solid,1.0mm
EEP 6412PG - EDL HPL 4'x8' | MERINO,EEP 6412PG,MERINO,FALSE,FALSE,FALSE,710000,Active,sht,Sheet,1220 x 2440 mm,PianoGloss,Solid,1.0mm
EEP 6432PG - EDL HPL 4'x8' | MANDARIN,EEP 6432PG,MANDARIN,FALSE,FALSE,FALSE,710000,Active,sht,Sheet,1220 x 2440 mm,PianoGloss,Solid,1.0mm
EEP 6500PG - EDL HPL 4'x8' | POLAR WHITE,EEP 6500PG,POLAR WHITE,FALSE,FALSE,FALSE,710000,Active,sht,Sheet,1220 x 2440 mm,PianoGloss,Solid,1.0mm
EEP 6542PG - EDL HPL 4'x8' | BURGUNDY,EEP 6542PG,BURGUNDY,FALSE,FALSE,FALSE,710000,Active,sht,Sheet,1220 x 2440 mm,PianoGloss,Solid,1.0mm
EGG 0025B - EDL HPL 4'x8' | PERIWINKLE-B,EGG 0025B,PERIWINKLE-B,FALSE,FALSE,FALSE,700000,Active,sht,Sheet,1220 x 2440 mm,Abstract,Pattern,0.8mm
EGG 0055B - EDL HPL 4'x8' | NIGERIA-B,EGG 0055B,NIGERIA-B,FALSE,FALSE,FALSE,700000,Active,sht,Sheet,1220 x 2440 mm,Abstract,Pattern,0.8mm
EGG 1711N - EDL HPL 4'x8' | GLAZED GALAXY,EGG 1711N,GLAZED GALAXY,FALSE,FALSE,FALSE,700000,Active,sht,Sheet,1220 x 2440 mm,Abstract,Pattern,0.8mm
EGG 1713N - EDL HPL 4'x8' | GOLD GALAXY,EGG 1713N,GOLD GALAXY,FALSE,FALSE,FALSE,700000,Active,sht,Sheet,1220 x 2440 mm,Abstract,Pattern,0.8mm
EGG 1714N - EDL HPL 4'x8' | MAROON GALAXY,EGG 1714N,MAROON GALAXY,FALSE,FALSE,FALSE,700000,Active,sht,Sheet,1220 x 2440 mm,Abstract,Pattern,0.8mm
EGG 1715N - EDL HPL 4'x8' | COPPER GALAXY,EGG 1715N,COPPER GALAXY,FALSE,FALSE,FALSE,700000,Active,sht,Sheet,1220 x 2440 mm,Abstract,Pattern,0.8mm
EGG 1716N - EDL HPL 4'x8' | GREY GALAXY,EGG 1716N,GREY GALAXY,FALSE,FALSE,FALSE,700000,Active,sht,Sheet,1220 x 2440 mm,Abstract,Pattern,0.8mm
EGG 1718N - EDL HPL 4'x8' | BLACK GALAXY,EGG 1718N,BLACK GALAXY,FALSE,FALSE,FALSE,700000,Active,sht,Sheet,1220 x 2440 mm,Abstract,Pattern,0.8mm
EGG 1719N - EDL HPL 4'x8' | WHITE GALAXY,EGG 1719N,WHITE GALAXY,FALSE,FALSE,FALSE,700000,Active,sht,Sheet,1220 x 2440 mm,Abstract,Pattern,0.8mm
ELB 8000DL - EDL HPL 4'x8' | LATIGO,ELB 8000DL,LATIGO,FALSE,FALSE,FALSE,700000,Active,sht,Sheet,1220 x 2440 mm,Leather,Pattern,0.8mm
ELB 8001DL - EDL HPL 4'x8' | BLACK LATIGO,ELB 8001DL,BLACK LATIGO,FALSE,FALSE,FALSE,700000,Active,sht,Sheet,1220 x 2440 mm,Leather,Pattern,0.8mm
ELB 8101LM - EDL HPL 4'x8' | KIESEL,ELB 8101LM,KIESEL,FALSE,FALSE,FALSE,700000,Active,sht,Sheet,1220 x 2440 mm,Leather,Pattern,0.8mm
ELB 8400LM - EDL HPL 4'x8' | PESARO,ELB 8400LM,PESARO,FALSE,FALSE,FALSE,700000,Active,sht,Sheet,1220 x 2440 mm,Leather,Pattern,0.8mm
ELB 8404LM - EDL HPL 4'x8' | ECHSE,ELB 8404LM,ECHSE,FALSE,FALSE,FALSE,700000,Active,sht,Sheet,1220 x 2440 mm,Leather,Pattern,0.8mm
ELC 1132LM - EDL HPL 4'x8' | NOBLE LUX,ELC 1132LM,NOBLE LUX,FALSE,FALSE,FALSE,700000,Active,sht,Sheet,1220 x 2440 mm,Leather,Pattern,0.8mm
ELC 1133LM - EDL HPL 4'x8' | NOBLE MOCHA,ELC 1133LM,NOBLE MOCHA,FALSE,FALSE,FALSE,700000,Active,sht,Sheet,1220 x 2440 mm,Leather,Pattern,0.8mm
ELC 9446DL - EDL HPL 4'x8' | CARDOBA,ELC 9446DL,CARDOBA,FALSE,FALSE,FALSE,700000,Active,sht,Sheet,1220 x 2440 mm,Leather,Pattern,0.8mm
ELC 9447DL - EDL HPL 4'x8' | PERSE,ELC 9447DL,PERSE,FALSE,FALSE,FALSE,700000,Active,sht,Sheet,1220 x 2440 mm,Leather,Pattern,0.8mm
ELC 9448DL - EDL HPL 4'x8' | NAPPA,ELC 9448DL,NAPPA,FALSE,FALSE,FALSE,700000,Active,sht,Sheet,1220 x 2440 mm,Leather,Pattern,0.8mm
ELC 9449DL - EDL HPL 4'x8' | VACHETTA,ELC 9449DL,VACHETTA,FALSE,FALSE,FALSE,700000,Active,sht,Sheet,1220 x 2440 mm,Leather,Pattern,0.8mm
ELS 8095SM - EDL HPL 4'x8' | SARTORIA CREMOSO,ELS 8095SM,SARTORIA CREMOSO,FALSE,FALSE,FALSE,730000,Active,sht,Sheet,1220 x 2440 mm,Textile,Pattern,0.8mm
ELS 8097SM - EDL HPL 4'x8' | SARTORIA GANACHE,ELS 8097SM,SARTORIA GANACHE,FALSE,FALSE,FALSE,730000,Active,sht,Sheet,1220 x 2440 mm,Textile,Pattern,0.8mm
ELS 8098SM - EDL HPL 4'x8' | SARTORIA,ELS 8098SM,SARTORIA,FALSE,FALSE,FALSE,730000,Active,sht,Sheet,1220 x 2440 mm,Textile,Pattern,0.8mm
ELS 8107D - EDL HPL 4'x8' | TWILL TORCH,ELS 8107D,TWILL TORCH,FALSE,FALSE,FALSE,730000,Active,sht,Sheet,1220 x 2440 mm,Textile,Pattern,0.8mm
ELS 8108D - EDL HPL 4'x8' | TWILL,ELS 8108D,TWILL,FALSE,FALSE,FALSE,730000,Active,sht,Sheet,1220 x 2440 mm,Textile,Pattern,0.8mm
ELS 8109D - EDL HPL 4'x8' | TWILL NOTCH,ELS 8109D,TWILL NOTCH,FALSE,FALSE,FALSE,730000,Active,sht,Sheet,1220 x 2440 mm,Textile,Pattern,0.8mm
ELS 8110D - EDL HPL 4'x8' | CROCHET DAWN,ELS 8110D,CROCHET DAWN,FALSE,FALSE,FALSE,730000,Active,sht,Sheet,1220 x 2440 mm,Textile,Pattern,0.8mm
ELS 8111D - EDL HPL 4'x8' | CROCHET,ELS 8111D,CROCHET,FALSE,FALSE,FALSE,730000,Active,sht,Sheet,1220 x 2440 mm,Textile,Pattern,0.8mm
ELS 8112D - EDL HPL 4'x8' | CROCHET DUSK,ELS 8112D,CROCHET DUSK,FALSE,FALSE,FALSE,730000,Active,sht,Sheet,1220 x 2440 mm,Textile,Pattern,0.8mm
ELS 8117D - EDL HPL 4'x8' | STITCH,ELS 8117D,STITCH,FALSE,FALSE,FALSE,730000,Active,sht,Sheet,1220 x 2440 mm,Textile,Pattern,0.8mm
ELS 8118D - EDL HPL 4'x8' | STITCH TINSEL,ELS 8118D,STITCH TINSEL,FALSE,FALSE,FALSE,730000,Active,sht,Sheet,1220 x 2440 mm,Textile,Pattern,0.8mm
ELS 8119D - EDL HPL 4'x8' | STITCH CLOVE,ELS 8119D,STITCH CLOVE,FALSE,FALSE,FALSE,730000,Active,sht,Sheet,1220 x 2440 mm,Textile,Pattern,0.8mm
ELS 8195R - EDL HPL 4'x8' | GRAY WOOL,ELS 8195R,GRAY WOOL,FALSE,FALSE,FALSE,730000,Active,sht,Sheet,1220 x 2440 mm,Textile,Pattern,0.8mm
ELS 8197R - EDL HPL 4'x8' | CREME WOOL,ELS 8197R,CREME WOOL,FALSE,FALSE,FALSE,730000,Active,sht,Sheet,1220 x 2440 mm,Textile,Pattern,0.8mm
ELS 8199R - EDL HPL 4'x8' | BROWN WOOL,ELS 8199R,BROWN WOOL,FALSE,FALSE,FALSE,730000,Active,sht,Sheet,1220 x 2440 mm,Textile,Pattern,0.8mm
ELS 9277SL - EDL HPL 4'x8' | SMOKY STITCHED LEATHER,ELS 9277SL,SMOKY STITCHED LEATHER,FALSE,FALSE,FALSE,730000,Active,sht,Sheet,1220 x 2440 mm,Leather,Pattern,0.8mm
ELS 9329SL - EDL HPL 4'x8' | GREY STITCHED LEATHER,ELS 9329SL,GREY STITCHED LEATHER,FALSE,FALSE,FALSE,730000,Active,sht,Sheet,1220 x 2440 mm,Leather,Pattern,0.8mm
ELS 9355SL - EDL HPL 4'x8' | COCOA STITCHED LEATHER,ELS 9355SL,COCOA STITCHED LEATHER,FALSE,FALSE,FALSE,730000,Active,sht,Sheet,1220 x 2440 mm,Leather,Pattern,0.8mm
ELS 9379SL - EDL HPL 4'x8' | ASH STITCHED LEATHER,ELS 9379SL,ASH STITCHED LEATHER,FALSE,FALSE,FALSE,730000,Active,sht,Sheet,1220 x 2440 mm,Leather,Pattern,0.8mm
ELS 9380SL - EDL HPL 4'x8' | BLACK CAMBRIC,ELS 9380SL,BLACK CAMBRIC,FALSE,FALSE,FALSE,730000,Active,sht,Sheet,1220 x 2440 mm,Textile,Pattern,0.8mm
ELS 9381SL - EDL HPL 4'x8' | BEIGE CAMBRIC,ELS 9381SL,BEIGE CAMBRIC,FALSE,FALSE,FALSE,730000,Active,sht,Sheet,1220 x 2440 mm,Textile,Pattern,0.8mm
ELS 9388C - EDL HPL 4'x8' | HESSIAN LIGHT,ELS 9388C,HESSIAN LIGHT,FALSE,FALSE,FALSE,730000,Active,sht,Sheet,1220 x 2440 mm,Textile,Pattern,0.8mm
ELS 9389C - EDL HPL 4'x8' | HESSIAN DARK,ELS 9389C,HESSIAN DARK,FALSE,FALSE,FALSE,730000,Active,sht,Sheet,1220 x 2440 mm,Textile,Pattern,0.8mm
EMB 2718 - EDL HPL 4'x8' | GOLD BRUSH,EMB 2718,GOLD BRUSH,FALSE,FALSE,FALSE,2000000,Active,sht,Sheet,1220 x 2440 mm,Metal,Metal,0.8mm
EMB 2719 - EDL HPL 4'x8' | BRONZE BRUSH,EMB 2719,BRONZE BRUSH,FALSE,FALSE,FALSE,2000000,Active,sht,Sheet,1220 x 2440 mm,Metal,Metal,0.8mm
EME 2766 - EDL HPL 4'x8' | ALU MIRROR,EME 2766,ALU MIRROR,FALSE,FALSE,FALSE,3900000,Active,sht,Sheet,1220 x 2440 mm,Metal,Metal,1.0mm
EMM 2723 - EDL HPL 4'x8' | DARK SILVER BRUSH,EMM 2723,DARK SILVER BRUSH,FALSE,FALSE,FALSE,2000000,Active,sht,Sheet,1220 x 2440 mm,Metal,Metal,0.8mm
EMM 2740 - EDL HPL 4'x8' | SILVER MATT,EMM 2740,SILVER MATT,FALSE,FALSE,FALSE,2000000,Active,sht,Sheet,1220 x 2440 mm,Metal,Metal,0.8mm
EMS 2722 - EDL HPL 4'x8' | SILVER BRUSH,EMS 2722,SILVER BRUSH,FALSE,FALSE,FALSE,1450000,Active,sht,Sheet,1220 x 2440 mm,Metal,Metal,0.8mm
EMT 2700 - EDL HPL 4'x8' | COPPER BRUSH,EMT 2700,COPPER BRUSH,FALSE,FALSE,FALSE,2000000,Active,sht,Sheet,1220 x 2440 mm,Metal,Metal,0.8mm
EMT 2738 - EDL HPL 4'x8' | CHAMPAGNE BRUSH,EMT 2738,CHAMPAGNE BRUSH,FALSE,FALSE,FALSE,2000000,Active,sht,Sheet,1220 x 2440 mm,Metal,Metal,0.8mm
ENS 2174V - EDL HPL 4'x8' | CALM GREY,ENS 2174V,CALM GREY,TRUE,FALSE,FALSE,810000,Active,sht,Sheet,1220 x 2440 mm,Nuance,Solid,0.8mm
ENS 2358V - EDL HPL 4'x8' | RASPBERRY FIELDS,ENS 2358V,RASPBERRY FIELDS,TRUE,FALSE,FALSE,810000,Active,sht,Sheet,1220 x 2440 mm,Nuance,Solid,0.8mm
ENS 2365V - EDL HPL 4'x8' | AMBER SUNSET,ENS 2365V,AMBER SUNSET,TRUE,FALSE,FALSE,810000,Active,sht,Sheet,1220 x 2440 mm,Nuance,Solid,0.8mm
ENS 2380V - EDL HPL 4'x8' | DRIFTING HAZE,ENS 2380V,DRIFTING HAZE,TRUE,FALSE,FALSE,810000,Active,sht,Sheet,1220 x 2440 mm,Nuance,Solid,0.8mm
ENS 2387V - EDL HPL 4'x8' | TRANQUIL TIDE,ENS 2387V,TRANQUIL TIDE,TRUE,FALSE,FALSE,810000,Active,sht,Sheet,1220 x 2440 mm,Nuance,Solid,0.8mm
ENS 2760V - EDL HPL 4'x8' | SERENE MEADOW,ENS 2760V,SERENE MEADOW,TRUE,FALSE,FALSE,810000,Active,sht,Sheet,1220 x 2440 mm,Nuance,Solid,0.8mm
ENS 2832V - EDL HPL 4'x8' | PEARL HORIZON,ENS 2832V,PEARL HORIZON,TRUE,FALSE,FALSE,810000,Active,sht,Sheet,1220 x 2440 mm,Nuance,Solid,0.8mm
ENS 2838V - EDL HPL 4'x8' | SOOTHING STORM,ENS 2838V,SOOTHING STORM,TRUE,FALSE,FALSE,810000,Active,sht,Sheet,1220 x 2440 mm,Nuance,Solid,0.8mm
ERS 1704HG - EDL HPL 4'x8' | TAURUS,ERS 1704HG,TAURUS,FALSE,FALSE,FALSE,800000,Active,sht,Sheet,1220 x 2440 mm,Abstract,Pattern,1.0mm
ERS 1705HG - EDL HPL 4'x8' | VIRGO,ERS 1705HG,VIRGO,FALSE,FALSE,FALSE,800000,Active,sht,Sheet,1220 x 2440 mm,Abstract,Pattern,1.0mm
ERS 1706HG - EDL HPL 4'x8' | CAPRICORNUS,ERS 1706HG,CAPRICORNUS,FALSE,FALSE,FALSE,800000,Active,sht,Sheet,1220 x 2440 mm,Abstract,Pattern,1.0mm
ERS 1723G - EDL HPL 4'x8' | PEARL REFLEX,ERS 1723G,PEARL REFLEX,FALSE,FALSE,FALSE,800000,Active,sht,Sheet,1220 x 2440 mm,Abstract,Pattern,1.0mm
ERS 1787HG - EDL HPL 4'x8' | AQUARIUS,ERS 1787HG,AQUARIUS,FALSE,FALSE,FALSE,800000,Active,sht,Sheet,1220 x 2440 mm,Abstract,Pattern,1.0mm
ERS 1788G - EDL HPL 4'x8' | WHITE FUNK,ERS 1788G,WHITE FUNK,FALSE,FALSE,FALSE,800000,Active,sht,Sheet,1220 x 2440 mm,Abstract,Pattern,1.0mm
ERS 1794HG - EDL HPL 4'x8' | GEMINI,ERS 1794HG,GEMINI,FALSE,FALSE,FALSE,800000,Active,sht,Sheet,1220 x 2440 mm,Abstract,Pattern,1.0mm
ERS 1795HG - EDL HPL 4'x8' | PISCES,ERS 1795HG,PISCES,FALSE,FALSE,FALSE,800000,Active,sht,Sheet,1220 x 2440 mm,Abstract,Pattern,1.0mm
ERS 2810G - EDL HPL 4'x8' | PEARL BIANCO,ERS 2810G,PEARL BIANCO,FALSE,FALSE,FALSE,800000,Active,sht,Sheet,1220 x 2440 mm,Textured,Solid,0.7mm
ERS 4005G - EDL HPL 4'x8' | FUNKY BLACK,ERS 4005G,FUNKY BLACK,FALSE,FALSE,FALSE,800000,Active,sht,Sheet,1220 x 2440 mm,Textured,Solid,0.7mm
ESF 5020T - EDL HPL 4'x8' | FRUIT GREEN,ESF 5020T,FRUIT GREEN,FALSE,FALSE,FALSE,650000,Active,sht,Sheet,1220 x 2440 mm,Textured,Solid,0.7mm
ESF 5040T - EDL HPL 4'x8' | DARK GRAPHITE,ESF 5040T,DARK GRAPHITE,FALSE,FALSE,FALSE,650000,Active,sht,Sheet,1220 x 2440 mm,Textured,Solid,0.7mm
ESF 5100T - EDL HPL 4'x8' | PEARL WHITE,ESF 5100T,PEARL WHITE,FALSE,FALSE,FALSE,650000,Active,sht,Sheet,1220 x 2440 mm,Textured,Solid,0.7mm
ESF 5110T - EDL HPL 4'x8' | CHESTNUT,ESF 5110T,CHESTNUT,FALSE,FALSE,FALSE,650000,Active,sht,Sheet,1220 x 2440 mm,Textured,Solid,0.7mm
ESF 5140T - EDL HPL 4'x8' | EVENING HAZE,ESF 5140T,EVENING HAZE,FALSE,FALSE,FALSE,650000,Active,sht,Sheet,1220 x 2440 mm,Textured,Solid,0.7mm
ESF 5156T - EDL HPL 4'x8' | FUDGE,ESF 5156T,FUDGE,FALSE,FALSE,FALSE,650000,Active,sht,Sheet,1220 x 2440 mm,Textured,Solid,0.7mm
ESF 5180T - EDL HPL 4'x8' | MOCHA,ESF 5180T,MOCHA,FALSE,FALSE,FALSE,650000,Active,sht,Sheet,1220 x 2440 mm,Textured,Solid,0.7mm
ESF 5250T - EDL HPL 4'x8' | MACCHIATO,ESF 5250T,MACCHIATO,FALSE,FALSE,FALSE,650000,Active,sht,Sheet,1220 x 2440 mm,Textured,Solid,0.7mm
ESF 5560T - EDL HPL 4'x8' | MARINA,ESF 5560T,MARINA,FALSE,FALSE,FALSE,650000,Active,sht,Sheet,1220 x 2440 mm,Textured,Solid,0.7mm
ESF 5650T - EDL HPL 4'x8' | WARM BLUSH,ESF 5650T,WARM BLUSH,FALSE,FALSE,FALSE,650000,Active,sht,Sheet,1220 x 2440 mm,Textured,Solid,0.7mm
ESF 5720T - EDL HPL 4'x8' | CANARY,ESF 5720T,CANARY,FALSE,FALSE,FALSE,650000,Active,sht,Sheet,1220 x 2440 mm,Textured,Solid,0.7mm
ESF 5730T - EDL HPL 4'x8' | RIVERSIDE BLUE,ESF 5730T,RIVERSIDE BLUE,FALSE,FALSE,FALSE,650000,Active,sht,Sheet,1220 x 2440 mm,Textured,Solid,0.7mm
ESF 5810T - EDL HPL 4'x8' | SUNSILK,ESF 5810T,SUNSILK,FALSE,FALSE,FALSE,650000,Active,sht,Sheet,1220 x 2440 mm,Textured,Solid,0.7mm
ESF 5840T - EDL HPL 4'x8' | SOFT GREY,ESF 5840T,SOFT GREY,FALSE,FALSE,FALSE,650000,Active,sht,Sheet,1220 x 2440 mm,Textured,Solid,0.7mm
ESF 5890T - EDL HPL 4'x8' | STORM GREY,ESF 5890T,STORM GREY,FALSE,FALSE,FALSE,650000,Active,sht,Sheet,1220 x 2440 mm,Textured,Solid,0.7mm
ESF 5960T - EDL HPL 4'x8' | JAFFA ORANGE,ESF 5960T,JAFFA ORANGE,FALSE,FALSE,FALSE,650000,Active,sht,Sheet,1220 x 2440 mm,Textured,Solid,0.7mm
ESF 6000T - EDL HPL 4'x8' | DOVE WHITE,ESF 6000T,DOVE WHITE,FALSE,FALSE,FALSE,650000,Active,sht,Sheet,1220 x 2440 mm,Textured,Solid,0.7mm
ESF 6020T - EDL HPL 4'x8' | GRAPHITE,ESF 6020T,GRAPHITE,FALSE,FALSE,FALSE,650000,Active,sht,Sheet,1220 x 2440 mm,Textured,Solid,0.7mm
ESF 6030T - EDL HPL 4'x8' | VANILLA,ESF 6030T,VANILLA,FALSE,FALSE,FALSE,650000,Active,sht,Sheet,1220 x 2440 mm,Textured,Solid,0.7mm
ESF 6080T - EDL HPL 4'x8' | BLUSH ROSE,ESF 6080T,BLUSH ROSE,FALSE,FALSE,FALSE,650000,Active,sht,Sheet,1220 x 2440 mm,Textured,Solid,0.7mm
ESF 6240T - EDL HPL 4'x8' | LAWN GREEN,ESF 6240T,LAWN GREEN,FALSE,FALSE,FALSE,650000,Active,sht,Sheet,1220 x 2440 mm,Textured,Solid,0.7mm
ESF 6270T - EDL HPL 4'x8' | STONE GREY,ESF 6270T,STONE GREY,FALSE,FALSE,FALSE,650000,Active,sht,Sheet,1220 x 2440 mm,Textured,Solid,0.7mm
ESF 6350T - EDL HPL 4'x8' | RUSTIC BEIGE,ESF 6350T,RUSTIC BEIGE,FALSE,FALSE,FALSE,650000,Active,sht,Sheet,1220 x 2440 mm,Textured,Solid,0.7mm
ESF 6360T - EDL HPL 4'x8' | SAND BEIGE,ESF 6360T,SAND BEIGE,FALSE,FALSE,FALSE,650000,Active,sht,Sheet,1220 x 2440 mm,Textured,Solid,0.7mm
ESF 6438T - EDL HPL 4'x8' | ORANGE RED,ESF 6438T,ORANGE RED,FALSE,FALSE,FALSE,650000,Active,sht,Sheet,1220 x 2440 mm,Textured,Solid,0.7mm
ESF 6440T - EDL HPL 4'x8' | YELLOW CRISP,ESF 6440T,YELLOW CRISP,FALSE,FALSE,FALSE,650000,Active,sht,Sheet,1220 x 2440 mm,Textured,Solid,0.7mm
ESF 6460T - EDL HPL 4'x8' | CRAFT,ESF 6460T,CRAFT,FALSE,FALSE,FALSE,650000,Active,sht,Sheet,1220 x 2440 mm,Textured,Solid,0.7mm
ESF 6510T - EDL HPL 4'x8' | MISSION WHITE,ESF 6510T,MISSION WHITE,FALSE,FALSE,FALSE,650000,Active,sht,Sheet,1220 x 2440 mm,Textured,Solid,0.7mm
ESF 6520T - EDL HPL 4'x8' | FOG,ESF 6520T,FOG,FALSE,FALSE,FALSE,650000,Active,sht,Sheet,1220 x 2440 mm,Textured,Solid,0.7mm
ESF 6530T - EDL HPL 4'x8' | ANTIQUE GREY,ESF 6530T,ANTIQUE GREY,FALSE,FALSE,FALSE,650000,Active,sht,Sheet,1220 x 2440 mm,Textured,Solid,0.7mm
ESF 6540T - EDL HPL 4'x8' | DUFF,ESF 6540T,DUFF,FALSE,FALSE,FALSE,650000,Active,sht,Sheet,1220 x 2440 mm,Textured,Solid,0.7mm
ESF 6710T - EDL HPL 4'x8' | LINEN WHITE,ESF 6710T,LINEN WHITE,FALSE,FALSE,FALSE,650000,Active,sht,Sheet,1220 x 2440 mm,Textured,Solid,0.7mm
ESF 6760T - EDL HPL 4'x8' | ALMOND,ESF 6760T,ALMOND,FALSE,FALSE,FALSE,650000,Active,sht,Sheet,1220 x 2440 mm,Textured,Solid,0.7mm
ESF 6840T - EDL HPL 4'x8' | SLATE GREY,ESF 6840T,SLATE GREY,FALSE,FALSE,FALSE,650000,Active,sht,Sheet,1220 x 2440 mm,Textured,Solid,0.7mm
ESF 6850T - EDL HPL 4'x8' | ANTIQUE WHITE,ESF 6850T,ANTIQUE WHITE,FALSE,FALSE,FALSE,650000,Active,sht,Sheet,1220 x 2440 mm,Textured,Solid,0.7mm
ESG 0400N - EDL HPL 4'x8' | NOIR,ESG 0400N,NOIR,FALSE,FALSE,FALSE,600000,Active,sht,Sheet,1220 x 2440 mm,Textured,Solid,0.7mm
ESG 5029N - EDL HPL 4'x8' | LEMON GREEN,ESG 5029N,LEMON GREEN,FALSE,FALSE,FALSE,600000,Active,sht,Sheet,1220 x 2440 mm,Textured,Solid,0.7mm
ESG 5066N - EDL HPL 4'x8' | LIME GREEN,ESG 5066N,LIME GREEN,FALSE,FALSE,FALSE,600000,Active,sht,Sheet,1220 x 2440 mm,Textured,Solid,0.7mm
ESG 5149N - EDL HPL 4'x8' | SMOG GREY,ESG 5149N,SMOG GREY,FALSE,FALSE,FALSE,600000,Active,sht,Sheet,1220 x 2440 mm,Textured,Solid,0.7mm
ESG 5150N - EDL HPL 4'x8' | THE WHITE,ESG 5150N,THE WHITE,FALSE,FALSE,FALSE,600000,Active,sht,Sheet,1220 x 2440 mm,Textured,Solid,0.7mm
ESG 5160N - EDL HPL 4'x8' | I-WHITE,ESG 5160N,I-WHITE,FALSE,FALSE,FALSE,600000,Active,sht,Sheet,1220 x 2440 mm,Textured,Solid,0.7mm
ESG 5266N - EDL HPL 4'x8' | HANDY GREY,ESG 5266N,HANDY GREY,FALSE,FALSE,FALSE,600000,Active,sht,Sheet,1220 x 2440 mm,Textured,Solid,0.7mm
ESG 5273N - EDL HPL 4'x8' | MILAN WHITE,ESG 5273N,MILAN WHITE,FALSE,FALSE,FALSE,600000,Active,sht,Sheet,1220 x 2440 mm,Textured,Solid,0.7mm
ESG 5404N - EDL HPL 4'x8' | PURE GREY,ESG 5404N,PURE GREY,FALSE,FALSE,FALSE,600000,Active,sht,Sheet,1220 x 2440 mm,Textured,Solid,0.7mm
ESG 5414N - EDL HPL 4'x8' | MILKY GREY,ESG 5414N,MILKY GREY,FALSE,FALSE,FALSE,600000,Active,sht,Sheet,1220 x 2440 mm,Textured,Solid,0.7mm
ESG 5600N - EDL HPL 4'x8' | SCARLET,ESG 5600N,SCARLET,FALSE,FALSE,FALSE,600000,Active,sht,Sheet,1220 x 2440 mm,Textured,Solid,0.7mm
ESG 5709N - EDL HPL 4'x8' | STYLE WHITE,ESG 5709N,STYLE WHITE,FALSE,FALSE,FALSE,600000,Active,sht,Sheet,1220 x 2440 mm,Textured,Solid,0.7mm
ESG 5710N - EDL HPL 4'x8' | VIOLET CLAIR,ESG 5710N,VIOLET CLAIR,FALSE,FALSE,FALSE,600000,Active,sht,Sheet,1220 x 2440 mm,Textured,Solid,0.7mm
ESG 5713N - EDL HPL 4'x8' | LIGHT BLEU CLAIR,ESG 5713N,LIGHT BLEU CLAIR,FALSE,FALSE,FALSE,600000,Active,sht,Sheet,1220 x 2440 mm,Textured,Solid,0.7mm
ESG 5714N - EDL HPL 4'x8' | BLEU CLAIR,ESG 5714N,BLEU CLAIR,FALSE,FALSE,FALSE,600000,Active,sht,Sheet,1220 x 2440 mm,Textured,Solid,0.7mm
ESG 5716N - EDL HPL 4'x8' | BLEU VIF,ESG 5716N,BLEU VIF,FALSE,FALSE,FALSE,600000,Active,sht,Sheet,1220 x 2440 mm,Textured,Solid,0.7mm
ESG 5719N - EDL HPL 4'x8' | VIOLET MIST,ESG 5719N,VIOLET MIST,FALSE,FALSE,FALSE,600000,Active,sht,Sheet,1220 x 2440 mm,Textured,Solid,0.7mm
ESG 5724N - EDL HPL 4'x8' | GREY WHITE,ESG 5724N,GREY WHITE,FALSE,FALSE,FALSE,600000,Active,sht,Sheet,1220 x 2440 mm,Textured,Solid,0.7mm
ESG 5725N - EDL HPL 4'x8' | DAFFODIL,ESG 5725N,DAFFODIL,FALSE,FALSE,FALSE,600000,Active,sht,Sheet,1220 x 2440 mm,Textured,Solid,0.7mm
ESG 5726N - EDL HPL 4'x8' | MILD BEIGE,ESG 5726N,MILD BEIGE,FALSE,FALSE,FALSE,600000,Active,sht,Sheet,1220 x 2440 mm,Textured,Solid,0.7mm
ESG 5738N - EDL HPL 4'x8' | PURE SKY,ESG 5738N,PURE SKY,FALSE,FALSE,FALSE,600000,Active,sht,Sheet,1220 x 2440 mm,Textured,Solid,0.7mm
ESG 5756N - EDL HPL 4'x8' | DARK VIOLET,ESG 5756N,DARK VIOLET,FALSE,FALSE,FALSE,600000,Active,sht,Sheet,1220 x 2440 mm,Textured,Solid,0.7mm
ESG 5758N - EDL HPL 4'x8' | IRISH ALMOND,ESG 5758N,IRISH ALMOND,FALSE,FALSE,FALSE,600000,Active,sht,Sheet,1220 x 2440 mm,Textured,Solid,0.7mm
ESG 5759N - EDL HPL 4'x8' | TOBACCO,ESG 5759N,TOBACCO,FALSE,FALSE,FALSE,600000,Active,sht,Sheet,1220 x 2440 mm,Textured,Solid,0.7mm
ESG 5760N - EDL HPL 4'x8' | MEDIUM PURPLE,ESG 5760N,MEDIUM PURPLE,FALSE,FALSE,FALSE,600000,Active,sht,Sheet,1220 x 2440 mm,Textured,Solid,0.7mm
ESG 5761N - EDL HPL 4'x8' | FLAMINGO,ESG 5761N,FLAMINGO,FALSE,FALSE,FALSE,600000,Active,sht,Sheet,1220 x 2440 mm,Textured,Solid,0.7mm
ESG 5781N - EDL HPL 4'x8' | PUMICE,ESG 5781N,PUMICE,FALSE,FALSE,FALSE,600000,Active,sht,Sheet,1220 x 2440 mm,Textured,Solid,0.7mm
ESG 5800N - EDL HPL 4'x8' | THE FROST,ESG 5800N,THE FROST,FALSE,FALSE,FALSE,600000,Active,sht,Sheet,1220 x 2440 mm,Textured,Solid,0.7mm
ESG 5900N - EDL HPL 4'x8' | ORANGE,ESG 5900N,ORANGE,FALSE,FALSE,FALSE,600000,Active,sht,Sheet,1220 x 2440 mm,Textured,Solid,0.7mm
ESG 6210N - EDL HPL 4'x8' | CARRIBEAN,ESG 6210N,CARRIBEAN,FALSE,FALSE,FALSE,600000,Active,sht,Sheet,1250 x 2500 mm,Smart,Solid,0.8mm
ESG 6280T - EDL HPL 4'x8' | HELIO GREY,ESG 6280T,HELIO GREY,FALSE,FALSE,FALSE,600000,Active,sht,Sheet,1250 x 2500 mm,Smart,Solid,0.8mm
ESG 6300N - EDL HPL 4'x8' | SPRING GREEN,ESG 6300N,SPRING GREEN,FALSE,FALSE,FALSE,600000,Active,sht,Sheet,1250 x 2500 mm,Smart,Solid,0.8mm
ESG 6630N - EDL HPL 4'x8' | STORM,ESG 6630N,STORM,FALSE,FALSE,FALSE,600000,Active,sht,Sheet,1250 x 2500 mm,Smart,Solid,0.8mm
ESS 5206SMA - EDL HPL 1250x2500 | MUTED OLIVE,ESS 5206SMA,MUTED OLIVE,FALSE,FALSE,FALSE,720000,Active,sht,Sheet,1320 x 3050 mm,Smart,Solid,0.8mm
ESS 5207SMA - EDL HPL 1250x2500 | MOSS GREEN,ESS 5207SMA,MOSS GREEN,FALSE,FALSE,FALSE,720000,Active,sht,Sheet,1220 x 2440 mm,Abstract,Pattern,0.8mm
ESS 5224SMA - EDL HPL 1250x2500 | BURNT CLAY,ESS 5224SMA,BURNT CLAY,FALSE,FALSE,FALSE,720000,Active,sht,Sheet,1220 x 2440 mm,Abstract,Pattern,0.8mm
ESS 6084SMA - EDL HPL 1250x2500 | DAYLIGHT,ESS 6084SMA,DAYLIGHT,FALSE,FALSE,FALSE,720000,Active,sht,Sheet,1220 x 2440 mm,Aspen,Wood,0.8mm
EST 4401SMA - EDL HPL 1320x3050 | UNIQUE WHITE,EST 4401SMA,UNIQUE WHITE,FALSE,FALSE,FALSE,890000,Active,sht,Sheet,1220 x 2440 mm,Aspen,Wood,0.8mm
EWD 2542NT - EDL HPL 4'x8' | ENGLISH OAK,EWD 2542NT,ENGLISH OAK,FALSE,FALSE,FALSE,710000,Active,sht,Sheet,1220 x 2440 mm,Aspen,Wood,0.8mm
EWD 3452T - EDL HPL 4'x8' | NATURAL ELM,EWD 3452T,NATURAL ELM,FALSE,FALSE,FALSE,710000,Active,sht,Sheet,1220 x 2440 mm,Aspen,Wood,0.8mm
EWD 3562T - EDL HPL 4'x8' | REGENCY CHERRY,EWD 3562T,REGENCY CHERRY,FALSE,FALSE,FALSE,710000,Active,sht,Sheet,1220 x 2440 mm,Aspen,Wood,0.8mm
EWD 4252T - EDL HPL 4'x8' | AFRICAN WOOD,EWD 4252T,AFRICAN WOOD,FALSE,FALSE,FALSE,710000,Active,sht,Sheet,1220 x 2440 mm,Aspen,Wood,0.8mm
EWD 4682NT - EDL HPL 4'x8' | MERIDIAN ASH,EWD 4682NT,MERIDIAN ASH,FALSE,FALSE,FALSE,710000,Active,sht,Sheet,1220 x 2440 mm,Aspen,Wood,0.8mm
EWD 9070T - EDL HPL 4'x8' | ELM,EWD 9070T,ELM,FALSE,FALSE,FALSE,710000,Active,sht,Sheet,1220 x 2440 mm,Aspen,Wood,0.8mm
EWD 9080NT - EDL HPL 4'x8' | ZEN WENGE,EWD 9080NT,ZEN WENGE,FALSE,FALSE,FALSE,710000,Active,sht,Sheet,1220 x 2440 mm,Aspen,Wood,0.8mm
EWD 9120T - EDL HPL 4'x8' | ALBERTA MAPLE,EWD 9120T,ALBERTA MAPLE,FALSE,FALSE,FALSE,710000,Active,sht,Sheet,1220 x 2440 mm,Aspen,Wood,0.8mm
EWD 9520T - EDL HPL 4'x8' | VIRGINIA BEECH,EWD 9520T,VIRGINIA BEECH,FALSE,FALSE,FALSE,710000,Active,sht,Sheet,1220 x 2440 mm,Super Matt,Wood,0.8mm
EWD 9920NT - EDL HPL 4'x8' | SANTHIA,EWD 9920NT,SANTHIA,FALSE,FALSE,FALSE,710000,Active,sht,Sheet,1220 x 2440 mm,Super Matt,Wood,0.8mm
EWD 9970NT - EDL HPL 4'x8' | URBAN ELM,EWD 9970NT,URBAN ELM,FALSE,FALSE,FALSE,710000,Active,sht,Sheet,1220 x 2440 mm,Super Matt,Wood,0.8mm
EWD 9980NT - EDL HPL 4'x8' | SALINAS OAK,EWD 9980NT,SALINAS OAK,FALSE,FALSE,FALSE,710000,Active,sht,Sheet,1220 x 2440 mm,Super Matt,Wood,0.8mm
EWN 6865R - EDL HPL 4'x8' | GRANDIS TEAK,EWN 6865R,GRANDIS TEAK,FALSE,FALSE,FALSE,710000,Active,sht,Sheet,1220 x 2440 mm,Super Matt,Wood,0.8mm
EWN 6866R - EDL HPL 4'x8' | DARK GRANDIS TEAK,EWN 6866R,DARK GRANDIS TEAK,FALSE,FALSE,FALSE,710000,Active,sht,Sheet,1220 x 2440 mm,Super Matt,Wood,0.8mm
EWN 6875R - EDL HPL 4'x8' | AUGUSTA WALNUT,EWN 6875R,AUGUSTA WALNUT,FALSE,FALSE,FALSE,710000,Active,sht,Sheet,1220 x 2440 mm,Super Matt,Wood,0.8mm
EWN 6876R - EDL HPL 4'x8' | DARK AUGUSTA WALNUT,EWN 6876R,DARK AUGUSTA WALNUT,FALSE,FALSE,FALSE,710000,Active,sht,Sheet,1220 x 2440 mm,Super Matt,Wood,0.8mm
EWN 6889R - EDL HPL 4'x8' | LIGHT BATONNET OAK,EWN 6889R,LIGHT BATONNET OAK,FALSE,FALSE,FALSE,710000,Active,sht,Sheet,1220 x 2440 mm,Super Matt,Wood,0.8mm
EWN 6890R - EDL HPL 4'x8' | BATONNET OAK,EWN 6890R,BATONNET OAK,FALSE,FALSE,FALSE,710000,Active,sht,Sheet,1220 x 2440 mm,Super Matt,Wood,0.8mm
EWN 6926R - EDL HPL 4'x8' | DUERO WALNUT,EWN 6926R,DUERO WALNUT,FALSE,FALSE,FALSE,710000,Active,sht,Sheet,1220 x 2440 mm,Super Matt,Wood,0.8mm
EWN 6951R - EDL HPL 4'x8' | NOMAD,EWN 6951R,NOMAD,FALSE,FALSE,FALSE,710000,Active,sht,Sheet,1220 x 2440 mm,Super Matt,Wood,0.8mm
EWN 6952R - EDL HPL 4'x8' | BRIX,EWN 6952R,BRIX,FALSE,FALSE,FALSE,710000,Active,sht,Sheet,1220 x 2440 mm,Fine Matt,Wood,0.8mm
EWN 6953R - EDL HPL 4'x8' | WARM WALNUT,EWN 6953R,WARM WALNUT,FALSE,FALSE,FALSE,710000,Active,sht,Sheet,1220 x 2440 mm,Fine Matt,Wood,0.8mm
EWN 7119R - EDL HPL 4'x8' | LEGNO OAK,EWN 7119R,LEGNO OAK,FALSE,FALSE,FALSE,710000,Active,sht,Sheet,1220 x 2440 mm,Fine Matt,Wood,0.8mm
EWN 7448R - EDL HPL 4'x8' | KIRSCHBAUM,EWN 7448R,KIRSCHBAUM,FALSE,FALSE,FALSE,710000,Active,sht,Sheet,1220 x 2440 mm,Fine Matt,Wood,0.8mm
EWP 1339M - EDL HPL 4'x8' | ONTARIA OAK,EWP 1339M,ONTARIA OAK,FALSE,FALSE,FALSE,710000,Active,sht,Sheet,1220 x 2440 mm,Fine Matt,Wood,0.8mm
EWP 1340M - EDL HPL 4'x8' | CALGARY OAK,EWP 1340M,CALGARY OAK,FALSE,FALSE,FALSE,710000,Active,sht,Sheet,1220 x 2440 mm,Fine Matt,Wood,0.8mm
EWP 1465M - EDL HPL 4'x8' | MOCA ALBATROSS TEAK,EWP 1465M,MOCA ALBATROSS TEAK,FALSE,FALSE,FALSE,710000,Active,sht,Sheet,1220 x 2440 mm,Fine Matt,Wood,0.8mm
EWP 1643M - EDL HPL 4'x8' | GREY BOLZANO ELM,EWP 1643M,GREY BOLZANO ELM,FALSE,FALSE,FALSE,710000,Active,sht,Sheet,1220 x 2440 mm,Fine Matt,Wood,0.8mm
EWP 1646M - EDL HPL 4'x8' | VIENNA ASH,EWP 1646M,VIENNA ASH,FALSE,FALSE,FALSE,710000,Active,sht,Sheet,1220 x 2440 mm,Fine Matt,Wood,0.8mm
EWP 2682M - EDL HPL 4'x8' | BROWN ASH,EWP 2682M,BROWN ASH,FALSE,FALSE,FALSE,710000,Active,sht,Sheet,1220 x 2440 mm,Fine Matt,Wood,0.8mm
EWP 3023T - EDL HPL 4'x8' | WOOD ART,EWP 3023T,WOOD ART,FALSE,FALSE,FALSE,710000,Active,sht,Sheet,1220 x 2440 mm,Fine Matt,Wood,0.8mm
EWP 3240M - EDL HPL 4'x8' | DARK ALBA MAPLE,EWP 3240M,DARK ALBA MAPLE,FALSE,FALSE,FALSE,710000,Active,sht,Sheet,1220 x 2440 mm,Fine Matt,Wood,0.8mm
EWP 3241M - EDL HPL 4'x8' | ALBA MAPLE,EWP 3241M,ALBA MAPLE,FALSE,FALSE,FALSE,710000,Active,sht,Sheet,1220 x 2440 mm,Fine Matt,Wood,0.8mm
EWP 3242M - EDL HPL 4'x8' | LIGHT TALISA PLUM,EWP 3242M,LIGHT TALISA PLUM,FALSE,FALSE,FALSE,710000,Active,sht,Sheet,1220 x 2440 mm,Fine Matt,Wood,0.8mm
EWP 3244M - EDL HPL 4'x8' | TALISA PLUM,EWP 3244M,TALISA PLUM,FALSE,FALSE,FALSE,710000,Active,sht,Sheet,1220 x 2440 mm,Fine Matt,Wood,0.8mm
EWP 3246M - EDL HPL 4'x8' | POPLAR MARACUYA,EWP 3246M,POPLAR MARACUYA,FALSE,FALSE,FALSE,710000,Active,sht,Sheet,1220 x 2440 mm,Fine Matt,Wood,0.8mm
EWP 3247M - EDL HPL 4'x8' | KAUAI HICKORY,EWP 3247M,KAUAI HICKORY,FALSE,FALSE,FALSE,710000,Active,sht,Sheet,1220 x 2440 mm,PianoGloss,Wood,0.8mm
EWP 3248M - EDL HPL 4'x8' | BALMY MAPLE,EWP 3248M,BALMY MAPLE,FALSE,FALSE,FALSE,710000,Active,sht,Sheet,1220 x 2440 mm,PianoGloss,Wood,0.8mm
EWP 3457M - EDL HPL 4'x8' | AUSTRIAN CHERRY,EWP 3457M,AUSTRIAN CHERRY,FALSE,FALSE,FALSE,710000,Active,sht,Sheet,1220 x 2440 mm,PianoGloss,Wood,0.8mm
EWP 4003M - EDL HPL 4'x8' | INDIAN EBONY,EWP 4003M,INDIAN EBONY,FALSE,FALSE,FALSE,710000,Active,sht,Sheet,1220 x 2440 mm,Aspen,Wood,0.8mm
EWW 1023N - EDL HPL 4'x8' | WHITE ASHWOOD,EWW 1023N,WHITE ASHWOOD,FALSE,FALSE,FALSE,680000,Active,sht,Sheet,1220 x 2440 mm,Aspen,Wood,0.8mm
EWW 1349N - EDL HPL 4'x8' | TECTONA,EWW 1349N,TECTONA,FALSE,FALSE,FALSE,680000,Active,sht,Sheet,1220 x 2440 mm,Aspen,Wood,0.8mm
EWW 2312N - EDL HPL 4'x8' | LORRIANE WALNUT,EWW 2312N,LORRIANE WALNUT,FALSE,FALSE,FALSE,680000,Active,sht,Sheet,1220 x 2440 mm,Aspen,Wood,0.8mm
EWW 3020N - EDL HPL 4'x8' | DARK ERABLE,EWW 3020N,DARK ERABLE,FALSE,FALSE,FALSE,680000,Active,sht,Sheet,1220 x 2440 mm,Aspen,Wood,0.8mm
EWW 3050N - EDL HPL 4'x8' | ERABLE,EWW 3050N,ERABLE,FALSE,FALSE,FALSE,680000,Active,sht,Sheet,1220 x 2440 mm,Aspen,Wood,0.8mm
EWW 3166N - EDL HPL 4'x8' | DARK EBONY,EWW 3166N,DARK EBONY,FALSE,FALSE,FALSE,680000,Active,sht,Sheet,1220 x 2440 mm,Aspen,Wood,0.8mm
EWW 3228N - EDL HPL 4'x8' | AFRICAN ZEBRA,EWW 3228N,AFRICAN ZEBRA,FALSE,FALSE,FALSE,680000,Active,sht,Sheet,1220 x 2440 mm,Aspen,Wood,0.8mm
EWW 3275N - EDL HPL 4'x8' | HARDROCK MAPLE,EWW 3275N,HARDROCK MAPLE,FALSE,FALSE,FALSE,680000,Active,sht,Sheet,1220 x 2440 mm,Aspen,Wood,0.8mm
EWW 3286N - EDL HPL 4'x8' | CLASSIC WALNUT,EWW 3286N,CLASSIC WALNUT,FALSE,FALSE,FALSE,680000,Active,sht,Sheet,1220 x 2440 mm,Aspen,Wood,0.8mm
EWW 4010N - EDL HPL 4'x8' | COMBI ROVERE,EWW 4010N,COMBI ROVERE,FALSE,FALSE,FALSE,680000,Active,sht,Sheet,1220 x 2440 mm,Aspen,Wood,0.8mm
EWW 4362N - EDL HPL 4'x8' | GOLDEN MAPLE,EWW 4362N,GOLDEN MAPLE,FALSE,FALSE,FALSE,680000,Active,sht,Sheet,1220 x 2440 mm,Aspen,Wood,0.8mm
EWW 4402T - EDL HPL 4'x8' | EQUIDAE,EWW 4402T,EQUIDAE,FALSE,FALSE,FALSE,680000,Active,sht,Sheet,1220 x 2440 mm,Aspen,Wood,0.8mm
EWY 2552M - EDL HPL 4'x8' | LINE CHESTNUT,EWY 2552M,LINE CHESTNUT,FALSE,FALSE,FALSE,710000,Active,sht,Sheet,1220 x 2440 mm,Aspen,Wood,0.8mm
EWY 2725EV - EDL HPL 4'x8' | LIGHT WAJAR OAK,EWY 2725EV,LIGHT WAJAR OAK,FALSE,FALSE,FALSE,710000,Active,sht,Sheet,1220 x 2440 mm,Aspen,Wood,0.8mm
EWY 2726EV - EDL HPL 4'x8' | SUPERIOR WAJAR OAK,EWY 2726EV,SUPERIOR WAJAR OAK,FALSE,FALSE,FALSE,710000,Active,sht,Sheet,1220 x 2440 mm,Aspen,Wood,0.8mm
EWY 2728EV - EDL HPL 4'x8' | NATURAL WAJAR OAK,EWY 2728EV,NATURAL WAJAR OAK,FALSE,FALSE,FALSE,710000,Active,sht,Sheet,1220 x 2440 mm,Aspen,Wood,0.8mm
EWY 2729EV - EDL HPL 4'x8' | WAJAR OAK,EWY 2729EV,WAJAR OAK,FALSE,FALSE,FALSE,710000,Active,sht,Sheet,1220 x 2440 mm,Aspen,Wood,0.8mm
EWY 3358EV - EDL HPL 4'x8' | RUSTIC TEAK,EWY 3358EV,RUSTIC TEAK,FALSE,FALSE,FALSE,710000,Active,sht,Sheet,1220 x 2440 mm,Aspen,Wood,0.8mm
EWY 3362EV - EDL HPL 4'x8' | PARMA WALNUT,EWY 3362EV,PARMA WALNUT,FALSE,FALSE,FALSE,710000,Active,sht,Sheet,1220 x 2440 mm,Aspen,Wood,0.8mm
EWY 3363EV - EDL HPL 4'x8' | DARK PARMA WALNUT,EWY 3363EV,DARK PARMA WALNUT,FALSE,FALSE,FALSE,710000,Active,sht,Sheet,1220 x 2440 mm,Aspen,Wood,0.8mm
EWY 3372EV - EDL HPL 4'x8' | LEGARTO OAK,EWY 3372EV,LEGARTO OAK,FALSE,FALSE,FALSE,710000,Active,sht,Sheet,1220 x 2440 mm,Aspen,Wood,0.8mm
EWY 9670V - EDL HPL 4'x8' | NATURAL MAPLE,EWY 9670V,NATURAL MAPLE,FALSE,FALSE,FALSE,710000,Active,sht,Sheet,1220 x 2440 mm,Aspen,Wood,0.8mm
EWY 9710V - EDL HPL 4'x8' | CLASSIC OAK,EWY 9710V,CLASSIC OAK,FALSE,FALSE,FALSE,710000,Active,sht,Sheet,1220 x 2440 mm,Aspen,Wood,0.8mm
EWY 9750V - EDL HPL 4'x8' | FLANNEL CHERRY,EWY 9750V,FLANNEL CHERRY,FALSE,FALSE,FALSE,710000,Active,sht,Sheet,1220 x 2440 mm,Aspen,Wood,0.8mm
EWY 9770V - EDL HPL 4'x8' | NEW TEAK,EWY 9770V,NEW TEAK,FALSE,FALSE,FALSE,710000,Active,sht,Sheet,1300 x 2800 mm,Aptico,Aptico,1.0mm
EWY 9824N - EDL HPL 4'x8' | SPRING NAGARE,EWY 9824N,SPRING NAGARE,FALSE,FALSE,FALSE,710000,Active,sht,Sheet,1300 x 2800 mm,Aptico,Aptico,1.0mm
EWY 9826N - EDL HPL 4'x8' | CREAM NAGARE,EWY 9826N,CREAM NAGARE,FALSE,FALSE,FALSE,710000,Active,sht,Sheet,1300 x 2800 mm,Aptico,Aptico,1.0mm
EWY 9828N - EDL HPL 4'x8' | CHOCO NAGARE,EWY 9828N,CHOCO NAGARE,FALSE,FALSE,FALSE,710000,Active,sht,Sheet,1300 x 2800 mm,Aptico,Aptico,1.0mm
L-FA 0075AP - EDL HPL 1300x2800 | APTICO DALI GRAU,L-FA 0075AP,APTICO DALI GRAU,FALSE,FALSE,FALSE,3500000,Active,sht,Sheet,1300 x 2800 mm,Aptico,Aptico,1.0mm
L-FA 0077AP - EDL HPL 1300x2800 | APTICO CREFFIELD DUNKEL,L-FA 0077AP,APTICO CREFFIELD DUNKEL,FALSE,FALSE,FALSE,3500000,Active,sht,Sheet,1300 x 2800 mm,Aptico,Aptico,1.0mm
L-FA 0080AP - EDL HPL 1300x2800 | APTICO KLINE SCHWARZ,L-FA 0080AP,APTICO KLINE SCHWARZ,FALSE,FALSE,FALSE,3500000,Active,sht,Sheet,1300 x 2800 mm,Aptico,Aptico,1.0mm
L-FA 0085AP - EDL HPL 1300x2800 | APTICO WEISS,L-FA 0085AP,APTICO WEISS,FALSE,FALSE,FALSE,3500000,Active,sht,Sheet,1300 x 2800 mm,Aptico,Aptico,1.0mm
L-FA 0206AP - EDL HPL 1300x2800 | APTICO FANGO,L-FA 0206AP,APTICO FANGO,FALSE,FALSE,FALSE,3500000,Active,sht,Sheet,1300 x 2800 mm,Aptico,Aptico,1.0mm
L-FA 0289AP - EDL HPL 1300x2800 | APTICO TORTORA,L-FA 0289AP,APTICO TORTORA,FALSE,FALSE,FALSE,3500000,Active,sht,Sheet,1300 x 2800 mm,Aptico,Aptico,1.0mm
L-FA 0370AP - EDL HPL 1300x2800 | APTICO WALD GRUN,L-FA 0370AP,APTICO WALD GRUN,FALSE,FALSE,FALSE,3500000,Active,sht,Sheet,1300 x 2800 mm,Aptico,Aptico,1.0mm
L-FA 0606AP - EDL HPL 1300x2800 | APTICO RYMAN ARCTIC,L-FA 0606AP,APTICO RYMAN ARCTIC,FALSE,FALSE,FALSE,3500000,Active,sht,Sheet,1300 x 2800 mm,Aptico,Aptico,1.0mm
L-FA 0648AP - EDL HPL 1300x2800 | APTICO VAN DYCK BRAUN,L-FA 0648AP,APTICO VAN DYCK BRAUN,FALSE,FALSE,FALSE,3500000,Active,sht,Sheet,1300 x 2800 mm,Aptico,Aptico,1.0mm
L-FA 0702AP - EDL HPL 1300x2800 | APTICO HOOPER BLAU,L-FA 0702AP,APTICO HOOPER BLAU,FALSE,FALSE,FALSE,3500000,Active,sht,Sheet,1300 x 2800 mm,Aptico,Aptico,1.0mm